name,business_type,state_registered,street_registered,city_registered,zip5_registered,corp_id
"SOUTH EAST ALABAMA DANCING ARTS COUNCIL, INC.",NONPROFIT,AL,,,,736801
DONALDSON CONCRETE CONSTRUCTION CO. OF BHAM,CORPORATION,AL,,BIRMINGHAM,,736804
DOTHAN MOVING PICTURE COMPANY,CORPORATION,AL,,,,736807
"THE DOW LAND COMPANY, INC.",CORPORATION,AL,,BIRMINGHAM,,737038
"DOW LAND COMPANY, INC.",CORPORATION,AL,,BIRMINGHAM,,737040
THE WORSHIP CENTER CHURCH INC.,NONPROFIT,AL,366 GREEN PARK DR,MOBILE,36695,737042
DOWLING'S MUTUAL BURIAL ASS'N.,CORPORATION,AL,,EUFAULA,,737046
THE DOWN THE BAY BLOCK CLUB,NONPROFIT,AL,,,,737047
M. B. TRADING CO.,CORPORATION,AL,,,,737048
"DOWCO INSURANCE AGENCY, INC.",CORPORATION,AL,,TUSCALOOSA,,737049
"DRIPPING SPRINGS CHURCH OF CHRIST, INC.",NONPROFIT,AL,,CULLMAN,,737321
"DRUG SUNDRIES CO., INC.",CORPORATION,AL,,BIRMINGHAM,,737323
DRUG SUNDRIES INC.,CORPORATION,AL,,MONTGOMERY,,737325
DUBOSE IRON CO.,CORPORATION,AL,,BIRMINGHAM,,737326
"DRYER INVESTMENT CO., INC.",CORPORATION,AL,,,,737327
DRYER'S COAL CO.,CORPORATION,AL,,BIRMINGHAM,,737330
"DRYING SYSTEMS, INC.",CORPORATION,AL,,BIRMINGHAM,,737331
"DRUGCRAFT, INCORPORATED",CORPORATION,AL,,BIRMINGHAM,,737334
"DULION INVESTMENT CO., INC.",CORPORATION,AL,,BIRMINGHAM,,737480
DUMAS GROCERY CO.,CORPORATION,AL,,,,737489
"E & B BARBER SHOPS, INC.",CORPORATION,AL,,HUNTSVILLE,,737490
"DUNCAN MOTOR CO., INC.",CORPORATION,AL,,BIRMINGHAM,,737491
"E. & B. DIESEL SERVICE, INC.",CORPORATION,AL,,,,737493
"E. H. R. CREDIT, INC.",CORPORATION,AL,,BIRMINGHAM,,737855
"E & M TRUCKING COMPANY, INC.",CORPORATION,AL,,MONTGOMERY,,737858
"E & R CONSTRUCTION COMPANY, INC.",CORPORATION,AL,,HUNTSVILLE,,737861
"E. R., INC.",CORPORATION,AL,,HUNTSVILLE,,737863
"E. S. P., INC.",CORPORATION,AL,,HUNTSVILLE,,737864
TONY'S PAINT SHOP LLC,LLC,AL,,,,737865
"E. AND J., INC.",CORPORATION,AL,,BREWTON,,737867
EAST ALABAMA RECREATION CLUB,NONPROFIT,AL,,ALEX CITY,,738075
"EAST ALABAMA REGIONAL DEVELOPMENT, INCORPORATED",NONPROFIT,AL,,ANNISTON,,738076
"EAGLEMONT COMPANY, INC.",CORPORATION,AL,,GADSDEN,,738079
"EAST ALABAMA TOTAL LIFE CARE ORGANIZATION, INC.",NONPROFIT,AL,,,,738082
"THE EAGLE'S EYE, INC.",CORPORATION,AL,,MONTGOMERY,,738084
"EARRINGS PLUS, INC.",CORPORATION,AL,,,,738085
EARS FOUNDATION,NONPROFIT,AL,,,,738086
"EAST ALABAMA EDUCATION FOUNDATION, INC.",NONPROFIT,AL,,OPELIKA,,738347
EASTWOOD CORPORATION,CORPORATION,AL,,BIRMINGHAM,,738350
"EAST ALABAMA EXPRESS, INC.",CORPORATION,AL,,ANNISTON,,738351
"EAST THOMAS LEASING COMPANY, INC.",CORPORATION,AL,,BIRMINGHAM,,738353
"EASTWOOD FUN-TOWN, INC.",CORPORATION,AL,,BIRMINGHAM,,738356
EASTERN SHORE SOUTHERN METHODIST CHURCH,NONPROFIT,AL,,,,738358
EASTERN NATIONAL CORPORATION,CORPORATION,AL,,BIRMINGHAM,,738360
EASTERN NATIONAL CORPORATION,CORPORATION,AL,,BIRMINGHAM,,738360
EASTERN SHORE SYMPHONY SOCIETY,NONPROFIT,AL,,FAIRHOPE,,738363
EASTERN SHORE TELEPHONE CO.,CORPORATION,AL,,FAIRHOPE,,738365
"EAST ALABAMA FISH FARMERS ASSOCIATION, INCORPORATED",NONPROFIT,AL,,,,738369
"EASTERN PROPERTIES, INC.",CORPORATION,AL,,,,738373
"EAST ALABAMA GAS COMPANY, INC.",CORPORATION,AL,,ROANOKE,,738376
DIXIE LIFE INSURANCE COMPANY,CORPORATION,AL,15 GREENVILLE STREET,NEWMAN,,738381
"EASTERN SHORE AUTO SALES, INC.",CORPORATION,AL,,FAIRHOPE,,738382
"EASTERN SHORE BAPTIST CHURCH, SBC",NONPROFIT,AL,,,,738384
GRACE BIBLE CHURCH,NONPROFIT,AL,,FAIRHOPE,,738385
GRACE BIBLE CHURCH,NONPROFIT,AL,,FAIRHOPE,,738385
"EASTERN SKY PRODUCTIONS, INC.",NONPROFIT,AL,,,,738390
"EASTERN SHORE CHAPTER #427 OF AARP, INC.",NONPROFIT,AL,,MONTGOMERY,,738392
"THE EASTERN STAR BAPTIST CHURCH, INC.",NONPROFIT,AL,,DEMOPOLIS,,738393
THE EAST ALABAMA HEALTH CARE AUTHORITY,NONPROFIT,AL,,,,738395
EASTERN STAR CHAPTER,NONPROFIT,AL,,,,738396
"EASTERN SUPPLY COMPANY, COLUMBUS, INC.",CORPORATION,AL,317-325 STATE ST,DOVER,,738400
"EASTERN SUPPLY, INC.",CORPORATION,AL,,BIRMINGHAM,,738401
EASTERN SYRENE RADIO CORP.,CORPORATION,AL,,BIRMINGHAM,,738402
EASTERN SYRENE RADIO CORP.,CORPORATION,AL,,BIRMINGHAM,,738402
"ECONOMY FLOORS, INC.",CORPORATION,AL,,MILLBROOK,,738404
"EAST ALABAMA HOME BUILDERS, INCORPORATED",CORPORATION,AL,,PHENIX CITY,,738405
THE EASTERN SHORE CO.,CORPORATION,AL,,SILVERHILL,,738408
"EAST ALABAMA HOME HEALTH SERVICES, INC.",NONPROFIT,AL,,PHENIX CITY,,738409
"EASTERN UNDERWRITERS OF ALABAMA, INC.",CORPORATION,AL,,BIRMINGHAM,,738411
ECONOMY FOOD DRYER MANUFACTURING CO.,CORPORATION,AL,,BIRMINGHAM,,738412
ECONOMY SHOES CORPORATION,CORPORATION,AL,,,,738639
"EDGEMONT REALTY PARTNERS, LTD.",PARTNERSHIP,AL,2777 STEMMONS FREEWAY,DALLAS,75207,738644
ECONOMY SPECIALTY CO.,CORPORATION,AL,,BIRMINGHAM,,738645
"PINE GROVE NUTRITION, LLC",LLC,AL,,,,738650
E BOLDEN LOGISTICS & MORE LLC,LLC,AL,,,,739204
ELECTRIC SERVICE COMPANY OF MISSISSIPPI,CORPORATION,AL,407 OAK ST,LAUREL,,739205
INFINITE PROPERTY SOLUTIONS LLC,LLC,AL,,,,739209
"ELECTRONIC COMPONENTS, INC.",CORPORATION,AL,,HUNTSVILLE,,739217
"PIED PIPER, INC.",CORPORATION,AL,,,,739426
ELLIOTT TRANSFER & GARAGE COMPANY,CORPORATION,AL,,ANNISTON,,739427
"ELLIOTT-WALLACE DRUG CO., INC.",CORPORATION,AL,,BIRMINGHAM,,739428
"ELLIOTT'S RESTAURANT, INC.",CORPORATION,AL,,BIRMINGHAM,,739431
ELLIOTTSVILLE CHURCH OF CHRIST,NONPROFIT,AL,,,,739432
THE EMERALD CLUB,NONPROFIT,AL,,BIRMINGHAM,,739677
"SPUD BENNETT, LLC",LLC,AL,,,,739680
"EMERGENCY SHELTER COMPANY, INC.",CORPORATION,AL,,MONTGOMERY,,739681
"THE EMERALD COMPANY, INC.",CORPORATION,AL,,,,739682
ELMORE COMMUNITY CLUB,NONPROFIT,AL,,,,739686
EMERALD LAND AND DEVELOPMENT CORPORATION,CORPORATION,AL,,ONEONTA,,739688
"EMPLOYEE PLANS AND SERVICES, INC.",CORPORATION,AL,1822 LOPEZ STREET,NEW ORLEANS,,739821
"EMPLOYEE SERVICES, INC.",CORPORATION,AL,1821 GADSDEN STREET,COLUMBIA,,739823
EMPIRE DRUG COMPANY,CORPORATION,AL,,,,739824
"EMPLOYEES AID SERVICE, INC.",CORPORATION,AL,,BIRMINGHAM,,739825
EMPIRE SOCIAL & ATHLETIC CLUB,NONPROFIT,AL,,,,739828
"EMPLOYEES BENEFIT ASSOCIATION, INCORPORATED",NONPROFIT,AL,,DECATUR,,739829
EMPLOYEES CLUB,NONPROFIT,AL,,MONTGOMERY,,739830
ENTERPRISE CLUB,NONPROFIT,AL,,BIRMINGHAM,,740118
ENTERPRISE VOLUNTEER FIRE & RESCUE DEPARTMENT,NONPROFIT,AL,,CLANTON,,740121
ENSLEY HARDWARE CO.,CORPORATION,AL,,,,740124
DPH CONSULTING LLC,LLC,AL,,,,740125
ENSLEY HARDWARE CO.,CORPORATION,AL,,,,740127
ENTERPRISE CONSTRUCTION CO.,CORPORATION,AL,,BIRMINGHAM,,740129
"ENGINEERS INVESTMENT CORPORATION OF BIRMINGHAM, INC",CORPORATION,AL,,BIRMINGHAM,,740130
ENSLEY HEIGHTS CEMETERY CO.,CORPORATION,AL,,BIRMINGHAM,,740131
ENTERPRISE COOPERATIVE CANNING ASS'N,NONPROFIT,AL,,ENTERPRISE,,740132
ENSLEY HEIGHTS LAND COMPANY,CORPORATION,AL,,BIRMINGHAM,,740135
ERSWELL & LITTLETON CO.,CORPORATION,AL,,BIRMINGHAM,,740442
ERLICK DRY GOODS COMPANY,CORPORATION,AL,,COLUMBIANA,,740445
"ERTA INTERNATIONAL, INC.",CORPORATION,AL,,,,740446
"SAM ERLICK & SONS CO., INC.",CORPORATION,AL,,BESSEMER,,740448
"O. ERMIS CLUB OF BIRMINGHAM, ALA.",NONPROFIT,AL,,BIRMINGHAM,,740455
LET'S TRY DOBBIE'S LLC,LLC,AL,,,,740456
THE ETOWAH ELECTRIC REFRIGERATION CO.,CORPORATION,AL,,GADSDEN,,740693
"EMERY-WALKER-BULLOCH STORES CO., INC.",CORPORATION,AL,,,,740696
"EUFAULA LODGE NO. 2124, LOYAL ORDER OF MOOSE",NONPROFIT,AL,,EUFAULA,,740700
"ETOWAH EQUIPMENT SALES AND RENTALS, INC.",CORPORATION,AL,,ATTALLA,,740701
"ETOWAH FEED COMPANY, INC.",CORPORATION,AL,,GADSDEN,,740703
"ESTES OIL CO., INC.",CORPORATION,AL,,BIRMINGHAM,,740709
"ETOWAH TIRE AND RE-CAPPING COMPANY, INC.",CORPORATION,AL,,ATTALLA,,740926
"EUTAW INVESTORS, LTD.",PARTNERSHIP,AL,"2101 L"" STREET",WASHINGTON,20037,740927
ETOWAH TRUST & SAVINGS BANK,CORPORATION,AL,,GADSDEN,,740929
EUFAULA COTTON MILLS,CORPORATION,AL,,ANDALUSIA,,740930
THE EUFAULA DOWNTOWN REDEVELOPMENT AUTHORITY,NONPROFIT,AL,,EUFAULA,,740937
EXECUTIVE INVESTMENTS CORPORATION,CORPORATION,AL,,PRATTVILLE,,741245
"JRKG PROPERTIES, LLC",LLC,AL,,,,741248
EXPORT PRATT COAL CO.,CORPORATION,AL,,BIRMINGHAM,,741249
EXCELSIOR MATRIMONIAL ASSOCIATION,NONPROFIT,AL,,,,741250
EXCELSIOR READING & SOCIAL CLUB,NONPROFIT,AL,,,,741252
"EXECUTIVE MANAGEMENT CORPORATION, INC.",CORPORATION,AL,,BIRMINGHAM,,741254
EXCELSIOR STEAM LAUNDRY CO.,CORPORATION,AL,,,,741255
"FACTORY OUTLET, INC.",CORPORATION,AL,,BIRMINGHAM,,741537
"FAIRVIEW GROCERY CO., INC.",CORPORATION,AL,,BIRMINGHAM,,741542
"EVANGEL TEMPLE ASSEMBLY OF GOD, INC.",NONPROFIT,AL,,,,741544
"FAIRVIEW HEIGHTS, INC.",CORPORATION,AL,1636 PIEDMONT AVENUE,ATLANTA,,741547
"THE FACTORY STORES, INC.",CORPORATION,AL,,TUSCALOOSA,,741548
"FAIRFIELD REAL ESTABE CO., INC.",CORPORATION,AL,,FAIRFIELD,,741767
"FAIR PARK EAST, INC.",CORPORATION,AL,,BIRMINGHAM,,741771
FAIRHOPE TRUCKERS ASSOCIATION,CORPORATION,AL,,FAIRHOPE,,741772
"FAIRFAX MERCANTILE COMPANY, INC.",CORPORATION,AL,,FAIRFAX,,741774
EXCHANGE DISTRIBUTING COMPANY,CORPORATION,AL,1029 FIRST AVE,BIRMINGHAM,,741781
THE EDWARDS FOUNDATION,NONPROFIT,AL,,BIRMINGHAM,,741782
FARMERS AND MERCHANTS BANK,CORPORATION,AL,,WAVERLY,,742304
FARMERS AND MERCHANTS BANK,CORPORATION,AL,,,,742308
"FARMERS' COOPERATIVE ASSOC, INC.",NONPROFIT,AL,,CASTLEBERRY,,742309
FARMERS & MERCHANTS BANK,CORPORATION,AL,,MADISON,,742310
FARMERS CO-OPERATIVE BANK & LOAN ASSOCIATION,CORPORATION,AL,,CULLMAN,,742311
"ABEONA WEALTH, LLC",LLC,AL,,,,742312
"FARMERS CO-OPERATIVE CREAMERY CO., INC.",NONPROFIT,AL,,FAIRHOPE,,742313
"FARMERS CO-OPERATIVE CREAMERY CO., INC.",NONPROFIT,AL,,FAIRHOPE,,742313
FARMERS AND MERCHANTS BANK,CORPORATION,AL,,,,742315
"FARMERS CO-OPERATIVE GIN COMPANY OF WARRIOR, ALABAMA",CORPORATION,AL,,WARRIOR,,742316
"L. E. FARLEY, INC.",CORPORATION,AL,516 CHRONICLE BLDG,HOUSTON,,742317
FARMERS AND MERCHANTS BANK OF BOAZ,CORPORATION,AL,,,,742318
"FARMERS & MERCHANTS BANK OF COLLINSVILLE, ALABAMA",CORPORATION,AL,,,,742322
QUINT-MAR WATER AUTHORITY,NONPROFIT,AL,,,,742323
FARMERS CO-OPERATIVE HOG SALES ASSOCIATION,NONPROFIT,AL,,,,742324
FARMERS & MERCHANTS BANK OF GEORGIANA,CORPORATION,AL,,GEORGIANA,,742325
"FARMERS & MERCHANTS BANK OF HARTSELLE, ALA.",CORPORATION,AL,,HARTSELLE,,742327
"FEEDERS SUPPLY, INC.",CORPORATION,AL,,OZARK,,742822
FBN PHARMACY LLC,LLC,AL,,SAN CARLOS,,742825
GIT'TER DUN PRESSURE WASHING LLC,LLC,AL,,,,742826
FEDERAL ACCEPTANCE CORP.,CORPORATION,AL,,BIRMINGHAM,,742827
FEDERAL MUTUAL LIABILITY INS. CO.,CORPORATION,AL,,BOSTON,,742829
"FELLOWSHIP MINISTRIES, INC.",NONPROFIT,AL,,,,742831
"FELLOWSHIP TEMPLE ASSEMBLY OF GOD, INC.",NONPROFIT,AL,,NORTHPORT,,742834
"THE FIRST BAPTIST CHURCH OF HARTFORD, ALABAMA",NONPROFIT,AL,,HARTFORD,,743427
"GREESON TURF, LLC",LLC,AL,,,,743428
FIRST BAPTIST CHURCH OF HARTSELLE,NONPROFIT,AL,,HARTSELLE,,743429
FIRST BIRMINGHAM CORPORATION,CORPORATION,AL,,BIRMINGHAM,,743430
FIRST BAPTIST CHURCH OF HAZEL GREEN,NONPROFIT,AL,,,,743431
"FIRST BAPTIST CHURCH, HERON BAY",NONPROFIT,AL,,,,743434
FIRST BAPTIST CHURCH OF HOLLY POND,NONPROFIT,AL,HOLLY POND AL,,,743435
FIRST COLONIAL INSURANCE COMPANY,CORPORATION,AL,11 FORSYTH ST,JACKSONVILLE,32202,743436
FIRST BAPTIST CHURCH OF HUEYTOWN,NONPROFIT,AL,,HUEYTOWN,,743437
"D JACKSON PROPERTIES, LLC",LLC,AL,,,,743438
"FIRST MISSIONARY BAPTIST CHURCH OF HURTSBORO, HURTSBORO, ALABAMA, INC.",NONPROFIT,AL,,,,743439
FIVE STAR CORP.,CORPORATION,AL,,JACKSON,,743850
OM MOJILA INC,CORPORATION,AL,190 DONAHUE DR,AUBURN,36832,743852
"FIVE STAR ENTERPRISES, INC.",CORPORATION,AL,,THEODORE,,743853
BUCHANAN ED LLC,LLC,AL,,,,743855
THE FITZPATRICK DISTRICT COL'D SCHOOL,NONPROFIT,AL,,FITZPATRICK,,743857
"FIVE STAR MACHINE & WELDING CO., INC.",CORPORATION,AL,,,,743861
"FIVE STAR MACHINE & WELDING CO., INC.",CORPORATION,AL,,,,743861
"FIX-N-STICH, INC.",CORPORATION,AL,,ALBERTVILLE,,743865
"FIXTURES JOBBINS COMPANY, INC.",CORPORATION,AL,,BIRMINGHAM,,743866
"J. HUNTER FLACK FOUNDATION, INCORPORATED",NONPROFIT,AL,,MONTGOMERY,,743870
FLAGALA REALTY COMPANY,CORPORATION,AL,,,,743874
"FLAMINGO CLUB OF DOTHAN, INC.",CORPORATION,AL,,,,743948
"FIRST AVENUE GARAGE CO., INC.",CORPORATION,AL,,BIRMINGHAM,,743949
"FLEET COAL COMPANY, INCORPORATED",CORPORATION,AL,,PETERSON,,743951
"FLEET CONSULTANTS, INC.",CORPORATION,AL,,MONTGOMERY,,743953
"GOLDEN GATE HOMEWOOD, LLC",LLC,AL,129 11TH ST,NASHVILLE,37206,743954
FIRST AVENUE GARAGE INC.,CORPORATION,AL,,BIRMINGHAM,,743955
FLAMONT ASSOCIATES LIMITED PARTNERSHIP,PARTNERSHIP,AL,300 PARK AVENUE,NEW YORK,,743962
FOLEY FARMERS & TRUCKERS ASSN.,NONPROFIT,AL,,FOLEY,,744809
"FORT MITCHELL RATTLERS CB RADIO CLUB, INC.",NONPROFIT,AL,FT. MITCHELL AL,,,744810
"FORT MITCHELL VOLUNTEER FIRE DEPARTMENT, INC.",NONPROFIT,AL,,,,744812
"FT. MITCHELL WATER AUTHORITY, INCORPORATED",NONPROFIT,AL,FT. MITCHELL AL,,,744815
"FOLEY FATHER-SON CUE CLUB, INC.",NONPROFIT,AL,,FOLEY,,744817
"FORESTDALE BUILDERS, INC.",CORPORATION,AL,,BIRMINGHAM,,744818
"THE FOX HUNT, INC.",NONPROFIT,AL,,,,745281
"FOWL RIVER UNITED METHODIST CHURCH, INC.",NONPROFIT,AL,,,,745283
"FRANCHISE MISSIONARY BAPTIST CHURCH, INC.",NONPROFIT,AL,1000 DILLINGHAM STREET,PHENIX CITY,36867,745285
"WILD ROW, LLC",LLC,AL,,,,745292
"FOWL RIVER YACHT CLUB, INCORPORATED OF MOBILE, ALABAMA",NONPROFIT,AL,,,,745293
"FROZEN CARBONATED BEVERAGES, INC.",CORPORATION,AL,,BIRMINGHAM,,746057
FULTON SPRINGS COMPANY,CORPORATION,AL,,,,746058
"FROZEN CONFECTIONS, INC.",CORPORATION,AL,,BIRMINGHAM,,746059
"FROZEN CONFECTIONS OF ALABAMA, INC.",CORPORATION,AL,,HUNTSVILLE,,746063
FULTON SPRINGS LAND CO.,CORPORATION,AL,,BIRMINGHAM,,746064
FULTON SPRINGS MANOR CORPORATION,CORPORATION,AL,,BIRMINGHAM,,746067
FROZEN CUSTARD CORP.,CORPORATION,AL,,,,746069
THE FULLER HARDWARE COMPANY,CORPORATION,AL,CARBON HILL AL,,,746070
FULTON SPRINGS WATER ASSOCIATION,NONPROFIT,AL,,BIRMINGHAM,,746073
"JIM FULLER, INC.",CORPORATION,AL,,,,746074
GAINES DAVIS CO.,CORPORATION,AL,,,,746827
"THE GALLERY, INC.",NONPROFIT,AL,,,,746828
"GADSDEN PLAN SERVICE, INC.",NONPROFIT,AL,,GADSDEN,,746830
"GAINES ENTERPRISES, INC.",CORPORATION,AL,,BIRMINGHAM,,746831
"THE GAMMA SIGMA CHAPTER OF SIGMA CHI HOUSE FUND, INC.",NONPROFIT,AL,,,,746832
GALILEE BAPTIST CHURCH,NONPROFIT,AL,,GADSDEN,,746833
GALILEE BAPTIST CHURCH,NONPROFIT,AL,,MONTGOMERY,,746834
GAMMA TRANSPORTATION CO.,CORPORATION,AL,,,,746835
GALILEE FULL GOSPEL CHURCH,NONPROFIT,AL,,NOTASULGA,,746836
"GALILEE PRIMITIVE BAPTIST CHURCH, INC.",NONPROFIT,AL,,,,746837
"THE GENERAL STORE & CHITWOOD'S TRUE VALUE HARDWARE, INC.",CORPORATION,AL,,,,747552
"LEE TANNER PRODUCE, INC.",CORPORATION,AL,,ANNISTON,,747553
"GENERAL STORE FASHIONS, INC.",CORPORATION,AL,,TUSCALOOSA,,747557
"GENERAL STORE, INC.",CORPORATION,AL,,BIRMINGHAM,,747559
SWISS RE LIFE & HEALTH AMERICA INC,CORPORATION,AL,695 MAIN STREET,STAMFORD,,747560
"GENERAL STORE & SOCIAL CLUB, INC.",NONPROFIT,AL,,,,747561
"GENERAL STORES CO., INC.",CORPORATION,AL,,MONTGOMERY,,747562
"GENERAL SUPPLY COMPANY OF ALABAMA, INC.",CORPORATION,AL,,BIRMINGHAM,,747564
"GEORGE'S AIR CONDITIONING SERVICE, INC.",CORPORATION,AL,,,,747864
"GEORGIA MOTOR EXPRESS, INC.",CORPORATION,AL,561 NORTH AVENUE,ATLANTA,,747865
GEORGIA PACIFIC CONSTRUCTION CO.,CORPORATION,AL,,BIRMINGHAM,,747866
"GEORGIA PARTS REBUILDERS, INC.",CORPORATION,AL,500 PLASETER AVENUE,ATLANTA,,747867
GEORGREER INVESTMENT COMPANY,CORPORATION,AL,,BIRMINGHAM,,747869
GEORGIA PNEUMATIC WATER SUPPLY CORPORATION,CORPORATION,AL,,ANNISTON,,747870
J. W. GOFF & ASSOCIATES SERVICE CORPORATION,CORPORATION,AL,,BIRMINGHAM,,748576
"HENRY GOFF CARPET COMPANY, INCORPORATED",CORPORATION,AL,,MONTGOMERY,,748579
GOLDKING/MM 1983 PROGRAM LIMITED PARTNERSHIP,PARTNERSHIP,AL,1001 FANNIN STREET,FIRST CITY TOWER HOUSTON,77002,748580
TUSCALOOSA COUNTY INDUSTRIAL DEVELOPMENT AUTHORITY,NONPROFIT,AL,,TUSCALOOSA,,748581
FOSTER-RALPH WATER AUTHORITY,NONPROFIT,AL,,TUSCALOOSA,,748582
GOLDKING/PM 1983-84 PROGRAM LIMITED PARTNERSHIP,PARTNERSHIP,AL,1001 FANNIN STREET,FIRST CITY TOWER HOUSTON,77002,748583
THE GOLD CREEK COAL CO.,CORPORATION,AL,,,,748587
"GOLD CREST RESTAURANTS, INC.",CORPORATION,AL,,CULLMAN,,748589
"GRAND BAYOU OIL & GAS CO., INC.",CORPORATION,AL,,,,749221
"GRAND CAFE, INC.",CORPORATION,AL,,,,749223
"GRAND CASTLE, INC.",CORPORATION,AL,,,,749224
"THE GRAND CAYMAN & WEST INDIES TRADING COMPANY, INC.",CORPORATION,AL,,,,749225
"DORADUS GRAYTON HOLDINGS, LLC",LLC,AL,,,,749227
"GRACEVILLE INSURANCE AGENCY, INC.",CORPORATION,AL,,BIRMINGHAM,,749228
GRAND COMMANDARY OF ALABAMA ORDER OF ANCIENT ARYANS,NONPROFIT,AL,,BIRMINGHAM,,749230
"GRACO INTERNATIONAL, INC.",CORPORATION,AL,,,,749231
GRAND COUNCIL OF INDEPENDENT ORDER OF SONS & DAUGHTERS OF ST. LUKE OF TEM OF U.S. OF U. A. OF THE STATE OF ALABAMA,NONPROFIT,AL,,,,749235
"GRADDICK-CHERRY ADVERTISING, INC.",CORPORATION,AL,,,,749236
"GRANNY'S DONUTS, INC.",CORPORATION,AL,,HUNTSVILLE,,749238
"GRADDICK BOUDREAUX, INC.",CORPORATION,AL,,,,749239
GREAT SOUTHERN ADVERTISING & AMUSEMENT CO.,CORPORATION,AL,,BIRMINGHAM,,749851
GREAT SOUTHERN AUTOMOBILE COMPANY,CORPORATION,AL,,BIRMINGHAM,,749853
"COPPERNOLL ROADS, LLC",LLC,AL,,,,749855
"GOOD GUY, INC.",CORPORATION,AL,,BIRMINGHAM,,749856
"GREEN SPRINGS LUMBER COMPANY, INC.",CORPORATION,AL,,STEWART,,749857
SONNY GREENBERG & COMPANY OF ALABAMA,CORPORATION,AL,818 BROOKRIDGE DR,ATLANTA,,749858
"GREEN SPRINGS MOTORS, INC.",CORPORATION,AL,,BIRMINGHAM,,749860
"GREEN THUMB NURSERY, INC.",CORPORATION,AL,,BESSEMER,,749863
GREATER MONTGOMERY HOME BUILDERS ASSOCIATION,NONPROFIT,AL,,MONTGOMERY,,749864
GUARANTEE CLOTHING CO.,CORPORATION,AL,,BIRMINGHAM,,750305
THE GROVE TRANSPORTATION COMPANY,CORPORATION,AL,,,,750306
GUARANTEE COAL CO.,CORPORATION,AL,,BIRMINGHAM,,750307
"GUARANTEE DRUG CO., INC.",CORPORATION,AL,,BIRMINGHAM,,750310
"GROVER-SMITH FUR. CO., INC.",CORPORATION,AL,,MONTGOMERY,,750311
GULF STATES SERVICE COMPANY,CORPORATION,AL,7W 10TH ST,WILMINGTON,,751063
"GUNDUFF, INC.",CORPORATION,AL,,TUSCALOOSA,,751065
GULF STATES SHIPPING CO.,CORPORATION,AL,,,,751067
"GULF STATES SALES AND SERVICES, INC.",CORPORATION,AL,,,,751068
"GULF WHOLESALE DISTRIBUTORS, INC.",CORPORATION,AL,,,,751069
"""GUNITE"" ASSOCIATES, INC.",CORPORATION,AL,,THIRD PLACE MIAMI,,751071
GULF STATES STEEL COMPANY,CORPORATION,AL,,MABRY TAMPA,,751074
"HAIRSTON CONSTRUCTION, INC.",CORPORATION,AL,,BIRMINGHAM,,751759
HALE COUNTY PURCHASING & MARKETING ASSN.,NONPROFIT,AL,,GREENSBORO,,751762
"HALE COUNTY SOIL CONSERVATION ASSOCIATION, INC.",NONPROFIT,AL,,GREENSBORO,,751766
HALE COUNTY SOIL AND WATER CONSERVATION DISTRICT,NONPROFIT,AL,,GREENSBORO,,751768
"HAGWOOD ENTERPRISES, INC.",CORPORATION,AL,,BIRMINGHAM,,751769
YARBROUGH COAL CO.,CORPORATION,AL,CARBON HILL AL,,,751772
"HAISTEN TRUCKING COMPANY, INC.",CORPORATION,AL,,,,751773
THE HALE COUNTY WATER AUTHORITY,NONPROFIT,AL,,GREENSBORO,,751775
"HARRELL ENTERPRISES, INC.",CORPORATION,AL,,,,752479
HARMON HYDRAULIC INC.,CORPORATION,AL,,BIRMINGHAM,,752480
HARLLEE QUATTLEBAUM INCORPORATED,CORPORATION,AL,1219 EVANS ST,FLORENCE,,752484
"HARRIS CHAPEL CHURCH, INC.",NONPROFIT,AL,,,,752486
"HARRIS CHAPEL METHODIST EPISCOPAL CHURCH, SOUTH",NONPROFIT,AL,,ANNISTON,,752488
"HARRIS CIGAR COMPANY, INC.",CORPORATION,AL,,MONTGOMERY,,752490
HAYES LUMBER CO.,CORPORATION,AL,,ANDALUSIA,,752991
"HAYES & MCCALLUM MOBILE HOME MOVERS, PARTS & SERVICE CO., INC.",CORPORATION,AL,,,,752992
"MORGAN COUNTY ASSOCIATION OF REALTORS, INC.",NONPROFIT,AL,,DECATUR,,752994
"HATTON BAPTIST CHURCH OF LEIGHTON, ALABAMA",NONPROFIT,AL,,,,753000
HAYES & MOORE MERCANTILE CO.,CORPORATION,AL,,,,753001
"HAYDEN MANUFACTURING COMPANY, INC.",CORPORATION,AL,,SELMA,,753002
HAYDEN MORTGAGE CO.,CORPORATION,AL,,BIRMINGHAM,,753003
"RON HENRY ENTERPRISES, INC.",CORPORATION,AL,,MONTGOMERY,,753650
"JACK HENDRIX CO., INC.",CORPORATION,AL,,MONTGOMERY,,753651
"MONTGOMERY HOUSE MOVING COMPANY, INC.",CORPORATION,AL,,MONTGOMERY,,753654
HERALD PRINTING COMPANY,CORPORATION,AL,,BRIDGEPORT,,753655
HERALD PUBLISHING CO.,CORPORATION,AL,,FORT PAYNE,,753656
HENRIKSEN SCRAP MATERIAL & TRANSFER CO.,CORPORATION,AL,,,,753657
"HAWAII REAL ESTATE SERVICES COMPANY, A CALIFORNIA LIMITED PARTNERSHIP",PARTNERSHIP,AL,725 FIGUUEROA ST,LOS ANGELES,90017,753659
HILLSDALE PRESBYTERIAN CHURCH OF MOBILE,NONPROFIT,AL,,,,754248
"HILLSIDE APARTMENT COMPANY, INC.",CORPORATION,AL,,GADSDEN,,754249
HILLSIDE CEMETARY ASSOCIATION,NONPROFIT,AL,,ANNISTON,,754251
HIGHLAND GARDENS BAPTIST CHURCH,NONPROFIT,AL,,MONTGOMERY,,754252
"HILLHOUSE AND ASSOCIATES, INC.",CORPORATION,AL,,BIRMINGHAM,,754253
HILLSIDE CHURCH OF CHRIST,NONPROFIT,AL,,HALEYVILLE,,754254
"HILLABEE TOWERS, INC.",NONPROFIT,AL,,ALEXANDER CITY,,754257
HILLIARD COAL COMPANY,CORPORATION,AL,,,,754259
HILLSIDE CREAM & LUNCH CO.,CORPORATION,AL,,BIRMINGHAM,,754260
HILLIARD COAL CO.,CORPORATION,AL,,CORDOVA,,754262
THE HIGHTOWER OIL COMPANY,CORPORATION,AL,,BRUNDIDGE,,754264
HOME FURN. & HDWE. CO.,CORPORATION,AL,,LEEDS,,755054
"HOME FURNITURE OF HUNTSVILLE, INC.",CORPORATION,AL,,HUNTSVILLE,,755057
HOME FARM COMPANY,CORPORATION,AL,,DAWES,,755058
"HOLT-FLETCHER ELECTRIC, INC.",CORPORATION,AL,,CLANTON,,755059
"HOME & FARM PROTECTIVE ASSOCIATION, INC.",NONPROFIT,AL,,,,755060
HOME BUILDERS SUPPLY COMPANY,CORPORATION,AL,,FT PAYNE,,755061
"HOLT GAMES, INCORPORATED",CORPORATION,AL,,SELMA,,755063
HOTEL SUPPLY COMPANY,CORPORATION,AL,,BIRMINGHAM,,755604
"THE SHED FASTPITCH, LLC",LLC,AL,,,,755607
"LAKESHORE HOMES, INC.",CORPORATION,AL,,EUFAULA,,755613
"HUFFMAN, MINING & MANUFACTURING CO.",CORPORATION,AL,,BIRMINGHAM,,756401
HUFFMAN SALVAR ROOFING PAINT CO.,CORPORATION,AL,,BIRMINGHAM,,756404
HUMAN RESOURCES RESEARCH ORGANIZATION (HUMPRO),CORPORATION,AL,300 WASHINGTON STREET,ALEXANDRIA,,756408
HUMPHRIES GROCERY COMPANY,CORPORATION,AL,,,,756410
"UNITED FINANCE COMPANY OF BIRMINGHAM, INC.",CORPORATION,AL,,BIRMINGHAM,,756415
"HUMAN SYSTEMS, INC.",CORPORATION,AL,,MONTGOMERY,,756417
HUNTSVILLE-MADISON COUNTY LIBRARY FOUNDATION,NONPROFIT,AL,,,,756988
HUNTSVILLE LIGHT CO.,CORPORATION,AL,,HUNTSVILLE,,756989
"TGN LAND CLEARING & EXCAVATING, LLC",LLC,AL,,,,756990
"HYDRO-GAS COMPANY OF WEST FLORIDA, INC.",CORPORATION,AL,2301 CERVANTES STREET,PENSACOLA,,756993
"THE HYPATIA SOCIETY, INC.",NONPROFIT,AL,,TUSCALOOSA,,756994
HUNTSVILLE LUMBER CO.,CORPORATION,AL,,HUNTSVILLE,,756995
"HYDRO HULL CLEANING SYSTEM, INC.",CORPORATION,AL,,,,756996
"HYDRO-PNEU-LECTRICS, INC.",CORPORATION,AL,,OZARK,,757001
THE HYPOCHLORITE CO.,CORPORATION,AL,,MONTGOMERY,,757005
HUNTSVILLE/MADISON COUNTY CHAMBER OF COMMERCE FOUNDATION,NONPROFIT,AL,,HUNTSVILLE,,757009
"HYTOP VOLUNTEER FIRE DEPARTMENT, INC.",NONPROFIT,AL,,HYTOP,,757010
"INDUSTRIAL RADIATOR & AIR CONDITIONING, INC.",CORPORATION,AL,,FAIRFIELD,,757880
"INDUSTRY CONSULTANTS COMPANY, INC.",CORPORATION,AL,,BIRMINGHAM,,757881
MONTOYA MINISEE LAW LLC,LLC,AL,,,,757882
INDUSTRIAL & REFORMATORY SCHOOL FOR COLORED CHILDREN,NONPROFIT,AL,,,,757885
"UNIVERSAL GEOTHERMAL TECHNOLOGIES, INC.",CORPORATION,AL,12607 CASH COURT,FOLEY,36542,757886
"INDUSTRIAL-MARINE, INC.",CORPORATION,AL,,,,757893
"INDUSTRIAL ASSOCIATES, INC.",NONPROFIT,AL,,BIRMINGHAM,,758311
INTERNATIONAL INVESTMENTS INCORPORATED,CORPORATION,AL,,THOMASVILLE,,758313
THE INTERNATIONAL GOURMET,CORPORATION,AL,,HUNTSVILLE,,758315
"INTERNATIONAL MEDICAL SEMINARS, INCORPORATED",CORPORATION,AL,,,,758318
INTERNATIONAL LIFE INSURANCE COMPANY,CORPORATION,AL,,AUSTIN,,758321
INTERNATIONAL LIFE INSURANCE COMPANY,CORPORATION,AL,1250 BARDSTOWN ROAD,LOUISVILLE,,758322
INTERNATIONAL LIFE INSURANCE COMPANY OF NEW YORK,CORPORATION,AL,120 DELAWARE AVENUE,BUFFALO,,758323
THE INDUSTRIAL DEVELOPMENT BOARD OF THE CITY OF RAINSVILLE,NONPROFIT,AL,,RAINSVILLE,,758325
J. & D. AGRICULTURAL INC.,NONPROFIT,AL,,,,759028
"J. D. CONSTRUCTION COMPANY, INC.",CORPORATION,AL,,,,759033
"J. C. D. CONTRACTORS, INC.",CORPORATION,AL,,,,759034
"J & D FARM ENTERPRISE, INC., HOME OF CYCLONE BULL",CORPORATION,AL,,GADSDEN,,759040
"J E B INCORPORATED, INC.",CORPORATION,AL,,DALEVILLE,,759042
"JACKSON HUNTING CLUB, INC.",NONPROFIT,AL,,SCOTTSBORO,,759565
JACKSON ICE COMPANY,CORPORATION,AL,,JACKSON,,759569
THE JACKSON ICE FACTORY,CORPORATION,AL,,JACKSON,,759570
JACKSONVILLE CITY HOTEL CO.,CORPORATION,AL,,,,759571
JACKSON DRY GOODS CO.,CORPORATION,AL,,FLORENCE,,759572
JACKSONVILLE CITY WATER WORKS,CORPORATION,AL,,,,759574
INLAND WATERWAYS CORPORATION,CORPORATION,AL,,,,759575
JACKSON SAND & GRAVEL,CORPORATION,AL,,,,759577
"JEMISON BASKET AND VENEER PRODUCTS COMPANY, INC.",CORPORATION,AL,,JEMISON,,760277
JENIFER IRON & COAL CO.,CORPORATION,AL,,BIRMINGHAM,,760279
JEMISON CIVIC CLUB,NONPROFIT,AL,,JEMISON,,760280
JEMISON COAL IRON & STEEL CO. INC.,CORPORATION,AL,,BIRMINGHAM,,760282
THE JET CORPORATION,CORPORATION,AL,,BIRMINGHAM,,760284
"KWEEN ME ENTERTAINMENT, LLC",LLC,AL,,,,760286
JEMISON CONSTRUCTION CO. INC.,CORPORATION,AL,,BIRMINGHAM,,760287
JERAJON CORPORATION,CORPORATION,AL,,HUNTSVILLE,,760290
JONES COAL COMPANY,CORPORATION,AL,,CORDOVA,,760854
"JESUS' FIRST CHURCH, INC.",NONPROFIT,AL,,,,760857
TAYLOR-AARON COAL COMPANY,CORPORATION,AL,,CORDOVA,,760858
"JONES AND COMPANY, INC.",CORPORATION,AL,,BIRMINGHAM,,760864
"GLYNN JONES COMPANY, INC.",CORPORATION,AL,,MONTGOMERY,,760869
"R. L. JONES CONSTRUCTION COMPANY, INCORPORATED",CORPORATION,AL,,BIRMINGHAM,,760873
KANT PRINTING HOUSE,NONPROFIT,AL,,BIRMINGHAM,,761474
"KAMPUS KOOLER, INC.",CORPORATION,AL,,TUSCALOOSA,,761478
TFS II LIMITED PARTNERSHIP,PARTNERSHIP,AL,35 WACKER DRIVE,CHICAGO,60601,761479
"KANTOR, TWITTY & KEETON, INC.",CORPORATION,AL,,BIRMINGHAM,,761480
PERFECT LAWN CARE LLC,LLC,AL,,,,762018
"KEYSTONE, INC.",CORPORATION,AL,,HUNTSVILLE,,762019
"KEY PETRO, INC.",CORPORATION,AL,,,,762020
KEY CULTIVATOR CO.,CORPORATION,AL,,SELMA,,762021
"KERN INVESTMENT COMPANY, INCORPORATED",CORPORATION,AL,,PRICHARD,,762022
KENTUCKY SASH & DOOR CO.,CORPORATION,AL,,NEW DECATUR,,762025
KEYSTONE INDEMNITY EXCHANGE,CORPORATION,AL,,PHILADELPHIA,,762026
"KROWN KING PULLEYS, INC.",CORPORATION,AL,,BIRMINGHAM,,762721
KOOL INC.,CORPORATION,AL,,HUNTSVILLE,,762726
"KRUG & THROFF, INCORPORATED",CORPORATION,AL,,BIRMINGHAM,,762728
"KREISMAN'S WOMEN'S APPAREL, INC.",CORPORATION,AL,,FLORENCE,,762729
THE KRUPP COMPANY LIMITED PARTNERSHIP - II,PARTNERSHIP,AL,ONE LIBERTY SQUARE,BOSTON,02109,762732
"LAFAYETTE POOL, INC.",NONPROFIT,AL,,LAFAYETTE,,763104
"LA CHARMETTES CIVIC AND SOCIAL CLUB, INC.",NONPROFIT,AL,,,,763105
THE LA CLEDE HOTEL CO.,CORPORATION,AL,,,,763107
"HESTERMAN HOLDINGS, LLC",LLC,AL,,,,763108
BEAUTIFUL AM I LLC,LLC,AL,,,,763109
"MASEFIELD, LLC",LLC,AL,,,,763111
"LA SERRE, INC.",CORPORATION,AL,MT BROOK AL,,,763113
LA SHUN MANUFACTURING COMPANY,CORPORATION,AL,,BIRMINGHAM,,763114
LASOCIETE DES 40 HOMMES ET 8 CHEVAUX,NONPROFIT,AL,,,,763116
"KELLY LABOR OF BIRMINGHAM, INC.",CORPORATION,AL,100 TENTH STREET,WILMINGTON,,763117
LAKEVIEW PARK DEVELOPMENT CO.,CORPORATION,AL,,BIRMINGHAM,,763649
FREEDOM WORSHIP CENTER INC.,NONPROFIT,AL,,PHENIX CITY,,763650
LAND & ENTERPRISE CO.,CORPORATION,AL,,FORT PAYNE,,763653
"LAKEVIEW RACE TRACK, INCORPORATED",CORPORATION,AL,,,,763654
76 MONALAYLA LLC,LLC,AL,,,,763655
"LAKEVIEW REALTY CO., INC.",CORPORATION,AL,,BIRMINGHAM,,763656
"LAND ESTATES, INC.",CORPORATION,AL,,BIRMINGHAM,,763658
"LAKEVIEW SANDWICH SHOP, INC.",CORPORATION,AL,,BIRMINGHAM,,763659
LECROY LOAN & INVESTMENT CO.,CORPORATION,AL,,,,764322
BEULAH UTILITIES DISTRICT,NONPROFIT,AL,,VALLEY,,764324
LEE-CHAMBERS WATER SYSTEM,NONPROFIT,AL,,RIVERVIEW,,764325
LEBANO CHURCH OF CHRIST.,NONPROFIT,AL,,COLLINS,,764327
MMSP4 LLC,LLC,AL,,,,764328
"LEDON'S, INC.",CORPORATION,AL,,FLORENCE,,764330
LEE CLOTHING CO.,CORPORATION,AL,,OPELIKA,,764333
LEE CLUB,NONPROFIT,AL,,,,764334
"LEE COUNTY YOUTH DEVELOPMENT CENTER, INC.",NONPROFIT,AL,,OPELIKA,,764337
"BOB LEE & CO., INC.",CORPORATION,AL,,BIRMINGHAM,,764340
"FRED LEE CRANE SERVICE, INC.",CORPORATION,AL,,BIRMINGHAM,,764341
LETCO CORPORATION,CORPORATION,AL,,,,765025
LESLIE PRINTING & PUBLISHING CO.,NONPROFIT,AL,,BIRMINGHAM,,765029
LEWIS SON COMPANY,CORPORATION,AL,,BIRMINGHAM,,765031
LIBERTY BAPTIST CHURCH,NONPROFIT,AL,,MIDLAND,,765032
LEVISOHN CO.,CORPORATION,AL,,,,765033
LIBERTY BAPTIST CHURCH,NONPROFIT,AL,,THOMASVILLE,,765034
LEVITE UNDERTAKING COMPANY,CORPORATION,AL,,,,765035
"LIBERTY BAPTIST CHURCH, INC.",NONPROFIT,AL,,MONTGOMERY,,765037
LINDBERG PLAZA ASSOCIATES A LIMITED PARTNERSHIP,PARTNERSHIP,AL,1209 ORANGE STREET,WILMINGTON,,765560
"C. P. LITCHY ENGINEERING CO., INC.",CORPORATION,AL,,BIRMINGHAM,,765564
"LINWOOD APARTMENTS, INC.",CORPORATION,AL,,MONTGOMERY,,765565
LINWOOD DRUG CO.,CORPORATION,AL,,,,765567
LINWOOD LAND & IMP. CO.,CORPORATION,AL,,BIRMINGHAM,,765568
"LINDEN ATHLETIC ASSOCIATION, INC.",NONPROFIT,AL,,,,765572
LIONEL PETROLEUM CORPORATION,CORPORATION,AL,,JACKSON,,765574
LITERARY CLUB,NONPROFIT,AL,,,,765575
LINDEN BAPTIST CHURCH,NONPROFIT,AL,,,,765576
LIQUID LEVEL GAUGE COMPANY,CORPORATION,AL,,FOLEY,,765577
"LINDEN BOWLING LANES, INC.",CORPORATION,AL,,,,765578
LIQUID LEVEL GAUGE SALES CORPORATION,CORPORATION,AL,,SELMA,,765579
LOST CREEK COAL & LUMBER CO.,CORPORATION,AL,,,,766313
LOWERY MERCANTILE CO.,CORPORATION,AL,,,,766317
"LOVELL CHAPEL CHURCH OF CHRIST, INC.",NONPROFIT,AL,,,,766318
"LOST CREEK SWIM CLUB, INC.",NONPROFIT,AL,,RANBURNE,,766320
"LOXLEY METHODIST CHURCH, INC.",NONPROFIT,AL,,,,766321
"MCDAVID INVESTMENT CO., INC.",CORPORATION,AL,,BIRMINGHAM,,767042
"C. J. MCDAVID INVESTMENT CO., INC.",CORPORATION,AL,,BIRMINGHAM,,767043
"MCDONNELL & SONS, INCORPORATED",CORPORATION,AL,858 MAIN STREET,BUFFALO,,767046
LIBERTY INS. CO.,CORPORATION,AL,,DAYTON,,767047
MCDAVID LUMBER COMPANY,CORPORATION,AL,,BREWTON,,767048
MCDAVID PRINTING CO.,CORPORATION,AL,,BIRMINGHAM,,767050
"MCDONOUGH CAPERTON INSURANCE GROUP, L. P.",PARTNERSHIP,AL,ONE HILLCREST DRIVE,CHARLESTON,25311,767051
"MCDAVID-QUINN CONSTRUCTION CO., INC.",CORPORATION,AL,,BIRMINGHAM,,767052
"M & S FINANCIAL MANAGEMENT, INC.",CORPORATION,AL,,DALEVILLE,,767847
"MIDO, INC.",CORPORATION,AL,,MONTGOMERY,,767848
"M & M TRUCK SERVICE, INC.",CORPORATION,AL,,,,767849
"M & M VENDING CO., INC.",CORPORATION,AL,,HUNTSVILLE,,767850
M. I. I. INCORPORATED,CORPORATION,AL,,MONTGOMERY,,767854
MIMCO INVESTMENT PARTNERSHIP NO. 4,PARTNERSHIP,AL,6060 CENTRAL EXPRESSWAY,DALLAS,75206,767858
"MAGIC CRESCENT COMMUNITY THEATRE, INC.",NONPROFIT,AL,,DADEVILLE,,768379
"MAGNOLIA CAMP #2, WOODMEN OF THE WORLD",NONPROFIT,AL,,,,768380
"THE MAGIC CRESCENT WATER, SEWER AND FIRE PROTECTION DISTRICT",NONPROFIT,AL,,DADEVILLE,,768381
"MAGIC CITY NEON, INC.",CORPORATION,AL,,BIRMINGHAM,,768383
MAGIC CITY NOVELTY CO.,CORPORATION,AL,,BIRMINGHAM,,768384
MAGIC CITY NU GRAPE CO.,CORPORATION,AL,,BIRMINGHAM,,768387
THE MAGNOLIA CIVIC CLUB,NONPROFIT,AL,,MAGNOLIA,,768388
MAGNOLIA CLUB,NONPROFIT,AL,,,,768391
"MAGIC HOMES, INC.",CORPORATION,AL,,JEMISON,,768392
MAGNOLIA CLUB,NONPROFIT,AL,,,,768393
"901 N JORDAN ST, LLC",LLC,AL,,,,769114
MARENGO LUMBER CO.,CORPORATION,AL,,CATES,,769115
MARINE ENVIRONMENTAL SCIENCES CONSORTIUM,NONPROFIT,AL,,MONTGOMERY,,769116
"MARINE MART, INC.",CORPORATION,AL,,,,769118
MARINE EQUIPMENT COMPANY,CORPORATION,AL,,ALICEVILLE,,769119
"MARINE EQUIPMENT COMPANY, INC.",CORPORATION,AL,,,,769120
"MARENGO MEMORIAL POST #5377, VETERANS OF FOREIGN WARS OF THE UNITED STATES",NONPROFIT,AL,,,,769122
"MARCIAL-CASTRO CIGAR CO., INC.",CORPORATION,AL,,BIRMINGHAM,,769123
MARENGO PRINTING COMPANY,CORPORATION,AL,,,,769124
MARINE FERTILIZER & FEED CO.,CORPORATION,AL,,BILOXI,,769130
"SOUTHERN COLORED DETECTIVE AGENCY, INC.",CORPORATION,AL,,BIRMINGHAM,,769726
MADISON MORTGAGE INSURANCE CORPORATION,CORPORATION,AL,150 GILMAN ST,MADISON,53703,769728
"MASON-DOUGLAS DEVELOPMENT CO., INC.",CORPORATION,AL,,BIRMINGHAM,,769729
"MASON & EASTERN STAR MUTUAL AID CO., INC.",CORPORATION,AL,,WETUMPKA,,769733
"MASON FLOOR COVERING COMPANY, INC.",CORPORATION,AL,,ANNISTON,,769734
"MASON FOREST PRODUCTS SERVICE, INC.",CORPORATION,AL,,MONTGOMERY,,769735
"MAYTAG SOUTHEASTERN COMPANY, INC.",CORPORATION,AL,706 LEE ST,ATLANTA,,770285
"MAYTON TRUCKING CO., INC.",CORPORATION,AL,,TUSCALOOSA,,770286
MAYWOOD COMPANY,CORPORATION,AL,,BIRMINGHAM,,770288
MAYLENE LUMBER COMPANY,CORPORATION,AL,,MAYLENE,,770292
MERCHANTS FIRE INSURANCE,CORPORATION,AL,,,,770928
MERCHANTS GROCERY CO.,CORPORATION,AL,,,,770929
"TCVC RESIDENTIAL, LLC",LLC,AL,,,,770930
MERCHANTS WHOLESALE DISTRIBUTING COMPANY,CORPORATION,AL,,BIRMINGHAM,,770932
MERCHANTS GROCERY COMPANY,CORPORATION,AL,,TALLADEGA,,770933
MERCHANTS GROCERY CO.,CORPORATION,AL,,COLUMBIA,,770935
"MERCHANTS WHOLESALE GROCERY CO., INC.",CORPORATION,AL,,BIRMINGHAM,,770936
MERIDIAN FERTILIZER FACTORY,CORPORATION,AL,,MERIDIAN,,770937
MERIDIAN FINANCE CORP.,CORPORATION,AL,,MERIDIAN,,770938
"MERCHANTS GROCERY CO., INC.",CORPORATION,AL,,GREENVILLE,,770939
"MERCHANTS WHOLESALE GROCERY CO., OF MOBILE",CORPORATION,AL,,,,770940
MERCHANTS WHOLESALE GROCERY OF MONTGOMERY,CORPORATION,AL,,MONTGOMERY,,770943
"MERIDIAN, LTD.",PARTNERSHIP,AL,3332 SLOPE STREET,MOBILE,36606,770945
MERCHANTS INDEMNITY CORPORATION OF NEW YORK,CORPORATION,AL,,NEW YORK,,770946
THE MORRIS AVENUE CORPORATION,CORPORATION,AL,,BIRMINGHAM,,771676
MIDLAND NATIONAL INSURANCE COMPANY,CORPORATION,AL,175 JACKSON BOULEVARD,CHICAGO,,771677
MIDLAND ORE CO.,CORPORATION,AL,,TUSCUMBIA,,771678
MIDMOST OFFICE CORPORATION,CORPORATION,AL,,,,771682
"MIDNITE COAL CO., INC.",CORPORATION,AL,,,,771683
MIDVALE MINING & DEVELOPMENT CO.,CORPORATION,AL,,,,771685
MID-WAY BANK,CORPORATION,AL,,OPELIKA,,771687
MIDWAY BAPTIST CHURCH,NONPROFIT,AL,,DICKINSON,,771689
MIDWAY BAPTIST CHURCH,NONPROFIT,AL,,,,771690
"H. D. MITCHELL DODGE, INC.",CORPORATION,AL,,FT PAYNE,,772399
MITCHELL ELECTRONICS SUPPLY COMPANY,CORPORATION,AL,,BIRMINGHAM,,772402
"MITCHELL EUBANK CLOTHING COMPANY, INC.",CORPORATION,AL,,BIRMINGHAM,,772406
"THE A. S. MITCHELL FOUNDATION, INC.",NONPROFIT,AL,,,,772408
MITCHELL GRAY MINING CO.,CORPORATION,AL,,BIRMINGHAM,,772413
"MBGS-POND JV, LLC",LLC,AL,7354 CAHABA VALLEY ROAD,BIRMINGHAM,35242,772414
"MITCHELL HUGHES LUMBER COMPANY, INC.",CORPORATION,AL,,,,772415
"MOBILE MEDICAL ENDOWMENT TRUST, INC.",NONPROFIT,AL,,,,773147
MOBILE MEDICAL & SURGICAL JOURNAL PUBLISHING CO.,CORPORATION,AL,,,,773149
"MOBILE MENTAL HEALTH, INC.",CORPORATION,AL,5050 POPLAR AVENUE,MEMPHIS,,773150
MOBILE MILLS CO.,CORPORATION,AL,,,,773154
MOBILE MINING AND MILLING CO.,CORPORATION,AL,,,,773157
"MOBILE MINISTRIES, INC.",NONPROFIT,AL,,HUNTSVILLE,,773158
"MOBILE MODERN CLEANERS, INC.",CORPORATION,AL,,,,773159
"MOBILE MORTGAGE BANKERS ASSOCIATION, INC.",NONPROFIT,AL,,,,773164
KOTI SOUL LLC,LLC,AL,,,,773166
"MOBILE MOTO-CROSS, INC.",CORPORATION,AL,,,,773167
"MOBILE MOTOR-ALL, INC.",CORPORATION,AL,,,,773168
MOBILE MOTOR CAR CO.,CORPORATION,AL,,,,773169
"MONROE CONSTRUCTION COMPANY, INC.",CORPORATION,AL,,ANNISTON,,773765
"MONROE CONTRACTING CO., INC.",CORPORATION,AL,,BIRMINGHAM,,773766
CHATTAHOOCHEE VALLEY HOSPITAL SOCIETY,NONPROFIT,AL,,,,773768
MONROE COUNTY ADULT LITERACY COUNCIL,NONPROFIT,AL,,MONROEVILLE,,773769
"THE ALABAMA LIBRARY ASSOCIATION, INC.",NONPROFIT,AL,,,,773770
"MONROE COUNTY CASKET CO., INC.",CORPORATION,AL,,MONROEVILLE,,773771
MONROE COUNTY COMMUNITY CONCERT ASSOCIATION,NONPROFIT,AL,,MONROEVILLE,,773774
"MONROE COUNTY CONCERNED CITIZENS, INC.",NONPROFIT,AL,,URIAH,,773775
"A.G. GASTON BOYS & GIRLS CLUB, INC.",NONPROFIT,AL,,,,773776
"MONROE COUNTY CRUSADE, INC.",NONPROFIT,AL,,MONROEVILLE,,773777
MONROE COUNTY FAIR ASSOCIATION,NONPROFIT,AL,,MONROEVILLE,,773778
"THE MONROE COUNTY FAIR FOUNDATION SPONSORED BY THE MONROEVILLE JAYCEES, INC.",NONPROFIT,AL,,,,773779
WEATHERLY ROAD ASSEMBLY OF GOD,NONPROFIT,AL,,,,773780
MONTGOMERY PRINTERS CREDIT UNION,NONPROFIT,AL,,MONTGOMERY,,774217
MONTGOMERY PROFESSIONAL PHOTOGRAPHERS ASSOCIATION,NONPROFIT,AL,,MONTGOMERY,,774218
MONTGOMERY PROVISION CO.,CORPORATION,AL,,MONTGOMERY,,774219
"MONTGOMERY FROZEN CUSTARD CO., INC.",CORPORATION,AL,,,,774220
MONTGOMERY PUBLIC RECREATION CLUB,NONPROFIT,AL,,MONTGOMERY,,774222
MONTGOMERY HIGHWAY CHURCH OF CHRIST,NONPROFIT,AL,,TUSKEGEE,,774227
"MONTGOMERY FURNITURE REPAIR COMPANY, INC.",CORPORATION,AL,,MONTGOMERY,,774228
MC CARRIERS LLC,LLC,AL,130 SPIRIT DRIVE,TONEY,35773,774231
"MONTGOMERY JOBS, INCORPORATED",CORPORATION,AL,,BIRMINGHAM,,774234
MONTGOMERY GAZETTE PUBLISHING CORPORATION,CORPORATION,AL,,MONTGOMERY,,774236
THE MONTGOMERY JUNIOR CHAMBER OF COMMERCE,NONPROFIT,AL,,MONTGOMERY,,774239
MONTGOMERY MOTEL ASSOCIATES,PARTNERSHIP,AL,2600 MAIN PLACE,BUFFALO,14202,774240
"MONTGOMERY BASEBALL CLUB, INC.",CORPORATION,AL,,MONTGOMERY,,774924
MOSES CERTIFIED MILK CO. INC.,CORPORATION,AL,,BIRMINGHAM,,774925
I. I. MOSES & CO.,CORPORATION,AL,,,,774927
PINE BAR CLOVERDALE LLC,LLC,AL,,,,774928
MORROW LAND COMPANY,CORPORATION,AL,,BIRMINGHAM,,774930
MORROW LIVE STOCK CO.,CORPORATION,AL,,,,774932
MUNICIPAL PAVING AND CONSTRUCTION CO.,CORPORATION,AL,316 FIRST ST,NASHVILLE,,775628
"MUNICIPAL SALES, INC.",CORPORATION,AL,,TRUSSVILLE,,775629
"MUNDINE GROCERY COMPANY, INC.",CORPORATION,AL,,,,775630
MUNICIPAL SERVICE & ENGINEERING CO.,CORPORATION,AL,,BIRMINGHAM,,775631
"MUNICIPAL SERVICES, INC.",CORPORATION,AL,,ONEONTA,,775632
"PRUDENTIAL PROTECTIVE SERVICES, LLC",LLC,AL,,MONROE,,775633
"MOUNTAIN WOODS LAKE, INC.",CORPORATION,AL,,BIRMINGHAM,,775635
TRAMLAW REMAINDERMAN LIMITED PARTNERSHIP,PARTNERSHIP,AL,2150 LAKE COOK ROAD,BUFFALO GROVE,60089,775636
MURPHY ADVERTISING CO.,CORPORATION,AL,,BIRMINGHAM,,775638
"THE NATIONAL C/B CLUBS OF AMERICA, INC.",CORPORATION,AL,,BIRMINGHAM,,776240
"NATIONAL BABE RUTH LEAGUE, INC.",NONPROFIT,AL,,,,776246
"NATIONAL CABLE MARKETING, INC.",CORPORATION,AL,,GADSDEN,,776248
NAMI BIRMINGHAM,NONPROFIT,AL,,BIRMINGHAM,,776250
"NATIONAL CLEANERS, INC.",CORPORATION,AL,,BIRMINGHAM,,776252
NATIONAL ALLIANCE ON STUTTERING,NONPROFIT,AL,,MONTGOMERY,,776256
"NATIONAL CARD SERVICE, INC.",CORPORATION,AL,,,,776257
"BROWN HOUND AVIATION, LLC",LLC,AL,,,,776897
"NATIONWIDE GARDENING PROGRAM, INC.",NONPROFIT,AL,,,,776898
"NATIONAL PRO-AM BOWLING CLASSIC, INC.",CORPORATION,AL,,,,776900
"FAGAN ENGINEERING SERVICES, LLC",LLC,AL,327 DAHLONEGA STREET,CUMMING,30040,776901
NATIONAL PRODUCERS LIFE INSURANCE COMPANY,CORPORATION,AL,2300 CENTRAL AVENUE,PHEONIX,85004,776903
NATURE IRON TONIC COMPANY OF BALDWIN CO.,CORPORATION,AL,,STOCKTON,,776904
"NEW SOUTH FRANCHISERS, INC.",CORPORATION,AL,,BIRMINGHAM,,777491
NEW HOPE UNION SOCIETY,NONPROFIT,AL,,BIRMINGHAM,,777493
"NEW SOUTH HOMES, INC.",CORPORATION,AL,,,,777494
"NEW HOPE WATER SYSTEM, INC.",NONPROFIT,AL,NEW HOPE AL,,,777496
"NEW HOPEWELL MISSIONARY BAPTIST CHURCH, INC.",NONPROFIT,AL,,,,777497
"NEW ORLEANS, MOBILE AND CHICAGO RAILROAD COMPANY",CORPORATION,AL,,,,777500
NEW SOUTH MINING & DEVELOPMENT CO.,CORPORATION,AL,,ATTALLA,,777504
NEW SOUTH MINING & MANUFACTURING CO.,CORPORATION,AL,,ASHVILLE,,777505
THE NEW HOTEL METROPOLITAN COMPANY,CORPORATION,AL,,BIRMINGHAM,,777506
"NEW PARKER PRODUCTS COMPANY, INC.",CORPORATION,AL,,BIRMINGHAM,,777508
"NEW SOUTH PROPERTIES, INC.",CORPORATION,AL,,BIRMINGHAM,,777510
"NEW IDEAL ICE CREAM & CANDY CO., INC.",CORPORATION,AL,,BIRMINGHAM,,777511
NEW SOUTH REAL ESTATE CO.,CORPORATION,AL,,SELMA,,777512
"NEW IMAGE, INC.",CORPORATION,AL,,,,777514
"NORTH ALABAMA CONTRACTING COMPANY, INC.",CORPORATION,AL,,DECATUR,,778065
THE NORMAN BUICK COMPANY,CORPORATION,AL,,MONTGOMERY,,778067
"NORMAN ELECTRONIC SUPPLY, INC.",CORPORATION,AL,,HUNTSVILLE,,778071
"NORTH ALABAMA CRANKSHAFT REBUILDERS, INCORPORATED",CORPORATION,AL,,SHEFFIELD,,778074
"NORTH ALABAMA CRIMSON TIDE AND TIGER BOOSTER CLUB, INC.",NONPROFIT,AL,,,,778075
NORTH ALABAMA CRUSHING COMPANY,CORPORATION,AL,,BIRMINGHAM,,778076
INTEGRITY IT SOLUTIONS LLC,LLC,AL,,,,778499
"NORTHFIELD SWIM AND TENNIS CLUB, INC.",NONPROFIT,AL,,,,778502
"NORTHGATE CINEMA, INC.",CORPORATION,AL,,,,778505
"NORTHWEST COAL COMPANY, INC.",CORPORATION,AL,,,,778508
"NORTHWEST CONGREGATION OF JEHOVAH'S WITNESSES, INCORPORATED",NONPROFIT,AL,,,,778511
UNITED REPUBLIC LIFE INSURANCE COMPANY,CORPORATION,AL,1037 MACLAY STREET,HARRISBURG,17103,778512
NORTHWEST ELECTRIC COMPANY,CORPORATION,AL,1301 PEACH STREET,ERIE,,778515
OHARA GINNING CO.,CORPORATION,AL,,,,779209
OAKWOOD HOLDING CO.,CORPORATION,AL,,BIRMINGHAM,,779210
OAKWOOD LAND COMPANY,CORPORATION,AL,,BIRMINGHAM,,779214
"ODYSSEY DRIVE I, LTD.",PARTNERSHIP,AL,201 SANTA MONICA BLVD,SANTA MONICA,90401,779215
OAKWOOD LAND CO.,CORPORATION,AL,,SHEFFIELD,,779217
"OAKWOOD MANOR, INC.",NONPROFIT,AL,,HUNTSVILLE,,779219
"OHATCHIE LAND AND DEVELOPMENT CO., INC.",CORPORATION,AL,,BIRMINGHAM,,779221
"ODYSSEY GULF COAST PARTNERS 82, LTD.",PARTNERSHIP,AL,8584 KATY FREEWAY,HOUSTON,77024,779222
OHATCHIE LUMBER CO.,CORPORATION,AL,,LANEY,,779223
OAKWOOD PONY RIDES,CORPORATION,AL,,HUNTSVILLE,,779224
OPELIKA YOUTH BASEBALL LEAGUE,NONPROFIT,AL,,OPELIKA,,779670
"OPEN AIR, INC.",CORPORATION,AL,,OPELIKA,,779672
"M. H. O'NEAL DRUG COMPANY, INC.",CORPORATION,AL,,ANDALUSIA,,779673
"THE OPEN DOOR BAPTIST CHURCH OF FORT PAYNE, ALABAMA",NONPROFIT,AL,,FT PAYNE,,779675
OPEN DOOR CHRISTIAN CHURCH,NONPROFIT,AL,,,,779677
OPEN DOOR DEEPER LIFE BROADCAST ASSOCIATION,NONPROFIT,AL,,ENTERPRISE,,779678
"OPEN DOOR HOLINESS CHURCH OF DOTHAN, ALABAMA",NONPROFIT,AL,,,,779679
NORTH BIRMINGHAM SOCIAL & WHIST CLUB,NONPROFIT,AL,,,,779680
A3 COMPANY INC,CORPORATION,AL,1107 DEBORAH DR.,HUNTSVILLE,35801,779682
"THE O'NEAL FOUNDATION, INC.",NONPROFIT,AL,,,,779683
OZARK ICE CO.,CORPORATION,AL,,OZARK,,780291
THE OZARK LUMBER CO.,CORPORATION,AL,,OZARK,,780295
YELLOW CAB COMPANY,CORPORATION,AL,,MONTGOMERY,,780299
OZARK MERCANTILE CO.,CORPORATION,AL,,OZARK,,780300
PRESBYTERIAN HOME FOR CHILDREN,NONPROFIT,AL,,,,780301
OWENS LAND COMPANY,CORPORATION,AL,,MONROEVILLE,,780303
PAN AMERICAN CASUALTY COMPANY,CORPORATION,AL,4001 TRAVIS STREET,HOUSTON,,780866
"PAN-AMERICAN CLUB, INC.",CORPORATION,AL,,,,780867
PAN AMERICAN COAL & TRANSFER CO.,CORPORATION,AL,,BIRMINGHAM,,780868
PALMETTO DEVELOPMENT CO.,CORPORATION,AL,,BIRMINGHAM,,780869
PALMETTO DITCHING MACHINE CO.,CORPORATION,AL,,,,780871
"PAN AMERICAN DEVELOPMENT COMPANY, INC.",CORPORATION,AL,,BIRMINGHAM,,780872
"PANTS CIRCUS, INC.",CORPORATION,AL,2466 ATLANTA ST,SMYRNA,,780873
"PANTS GALORE, INC.",CORPORATION,AL,306 STATE STREET,DOVER,,780875
"PAN-AMERICAN GENERAL INSURANCE AGENCY, INCORPORATED",CORPORATION,AL,,MONTGOMERY,,780878
PAST TIME SOCIAL CLUB,NONPROFIT,AL,,,,781420
"PAST TIME SOCIAL CLUB OF PHENIX CITY, ALABAMA",NONPROFIT,AL,,PHENIX CITY,,781421
PATRIOT GENERAL LIFE INSURANCE COMPANY,CORPORATION,AL,34 MONUMENT SQUARE,CONCORD,01742,781426
"PATRIOTIC AMERICAN YOUTH, INC.",CORPORATION,AL,124 PRESIDENT STREET,JACKSON,,781427
PATRIOTIC INS. CO. OF AMERICA,CORPORATION,AL,,NEW YORK,,781428
THE PATRIOTIC SONS OF THE U.S. OF AM.,NONPROFIT,AL,,BIRMINGHAM,,781429
"PATRONS OF THE ARMY MEDICAL DEPARTMENT MUSEUM FOUNDATION, INC.",NONPROFIT,AL,,,,781431
PAT'S DINING CLUB,NONPROFIT,AL,,TUSKEGEE,,781435
JOB INDUSTRIAL LLC,LLC,AL,,,,782178
PEOPLES HOME TELEPHONE CO.,CORPORATION,AL,,BIRMINGHAM,,782179
MARSHALL MATTRESS & MORE LLC,LLC,AL,,,,782180
THE PEOPLES HOMESTEAD COMPANY,CORPORATION,AL,,EVERGREEN,,782181
PEOPLES' BANK OF ARITON,CORPORATION,AL,,,,782183
PEOPLES BANK OF CASTLEBERRY,CORPORATION,AL,,CASTLEBERRY,,782185
THE PEOPLES BANK OF EVERGREEN,CORPORATION,AL,,EVERGREEN,,782187
"PERCO STEEL FABRICATING, INC.",CORPORATION,AL,,BIRMINGHAM,,782188
"PHENIX HOME DECORATING CENTER, INC.",CORPORATION,AL,,PHENIX CITY,,782746
"PHOENIX HOUSE, INC.",NONPROFIT,AL,,HUNTSVILLE,,782747
"PHOENIX, INC.",CORPORATION,AL,,TUSCALOOSA,,782749
PHOENIX INDEMNITY CO.,CORPORATION,AL,,MANHATTAN,,782750
"PHENIX INDUSTRIES, INC.",CORPORATION,AL,,PHENIX CITY,,782751
INFINITE DISPLAY ENT LLC,LLC,AL,,,,782752
"PETROLEUM DEVELOPMENT CORPORATION, INC.",CORPORATION,AL,,,,782755
PHEONIX IRON CO.,CORPORATION,AL,,BIRMINGHAM,,782757
PHOENIX IRON & STEEL CO.,CORPORATION,AL,,BIRMINGHAM,,782758
PINE BELT HOMES CORPORATION,CORPORATION,AL,,JACKSON,,783362
PINE BELT LUMBER CO.,CORPORATION,AL,,,,783363
PILCHER BROS.,CORPORATION,AL,,SLOCOMB,,783365
"THE ""PILCHER CO.""",CORPORATION,AL,,,,783366
"STEEL MAGNOLIAS, LLC",LLC,AL,,,,783367
PISGAH LAND AND LUMBER COMPANY,CORPORATION,AL,,SCOTTSBORO,,783370
THE POLAR BEAR PRODUCTS CO. INC.,CORPORATION,AL,,WACO,,784094
"PLUMLEE FUNERAL HOME, INC.",CORPORATION,AL,,BIRMINGHAM,,784095
"F. E. PLUMMER COMPANY, INC.",CORPORATION,AL,,SELMA,,784097
"PLASTIC CLAY MATERIALS, INCORPORATED",CORPORATION,AL,,BIRMINGHAM,,784102
"PREMIUM CANDIES, INCORPORATED",CORPORATION,AL,,PHENIX CITY,,784753
PRATTVILLE DOWN TOWN UNLIMITED,NONPROFIT,AL,,PRATTVILLE,,784754
PREMIUM COAL CO.,CORPORATION,AL,,BIRMINGHAM,,784756
PRATT MINES & ENSLEY CITY PUBLISHING CO.,CORPORATION,AL,PRATT MINES AL,,,784759
"PRECISION CHEMICALS, INC.",CORPORATION,AL,,BIRMINGHAM,,784764
"PREMIUM LUMBER CO., INC.",CORPORATION,AL,,,,784765
"PREMIUM PLAN OF MISS., ALA., & TENN., INC.",CORPORATION,AL,205 ROLLINGWOOD DRIVE,JACKSON,,784769
"PRESLEY MANUFACTURING COMPANY, INC.",CORPORATION,AL,,,,785230
"ALEXANDER POTASH AND SONS, INC.",CORPORATION,AL,,OAKLAND,,785231
"PRESLEY OIL, INCORPORATED",CORPORATION,AL,,SCOTTSBORO,,785232
"PRESSLEY AND PRESSLEY, INC.",NONPROFIT,AL,,BIRMINGHAM,,785233
"PRESNALL APPLIANCE REPAIR SERVICE, INCORPORATED",CORPORATION,AL,,,,785236
"PRESNELL LUMBER CO., INC.",CORPORATION,AL,,TUSCALOOSA,,785238
THE PRESS CLUB OF MARSHALL COUNTY,NONPROFIT,AL,,,,785239
PROFESSIONAL MOBILE HOME SERVICE INC.,CORPORATION,AL,,DECATUR,,785242
"PROFESSIONAL MODULATORS OF ALABAMA, INC.",NONPROFIT,AL,,CORDOVA,,785243
PROFESSIONAL MUTUAL INSURANCE COMPANY,CORPORATION,AL,2 GREGORY STREET,KANSAS CITY,64114,785244
"PROFESSIONAL OFFICES, INC.",CORPORATION,AL,,DECATUR,,785246
PUBLIC EDUCATIONAL BUILDING AUTHORITY OF THE CITY OF MOBILE,NONPROFIT,AL,,,,785726
"THE PUBLIC EDUCATIONAL BUILDING AUTHORITY OF THE CITY OF TUSKEGEE, ALABAMA",NONPROFIT,AL,,,,785727
"PRYOR FARMER & CANNON FURN. CO., INC.",CORPORATION,AL,,BIRMINGHAM,,785728
PROTECT OUR CHILDREN,NONPROFIT,AL,,,,785731
PROSPECT CEMETERY,NONPROFIT,AL,CRANE HILL AL,,,785733
R.E. & C. LUMBER COMPANY,CORPORATION,AL,,ANDALUSIA,,786289
"RAD ENGINEERING SERVICES, INC.",CORPORATION,AL,,BIRMINGHAM,,786832
"RANDY INDUSTRIES, INC.",CORPORATION,AL,,,,786833
"RAHM CLOTHING CO., INC.",CORPORATION,AL,,,,786835
"RAHNART ASSOCIATES, INC.",CORPORATION,AL,,HUNTSVILLE,,786837
"RAMOS SEAFOOD, INC.",CORPORATION,AL,,BATRE,,786838
"TUSCALOOSA DIALYSIS VENTURES, LLC",LLC,AL,,,,786841
RAPID TRANSFER COMPANY,CORPORATION,AL,,BIRMINGHAM,,786842
"RANDALL, KENDRICK COMPANY",CORPORATION,AL,,,,786845
"REIPAR, INC.",CORPORATION,AL,,,,787594
EXSTORK PILOT CAR SERVICE L.L.C.,LLC,AL,,,,787595
"REMBRANDT PAINT FACTORY, INC.",NONPROFIT,AL,,,,787596
REISS MERCANTILE CO.,CORPORATION,AL,,,,787597
"RELIABLE RECORDS AND TAPE COMPANY, INC.",CORPORATION,AL,,ATTALLA,,787598
"RENOIS TYING MACHINES, INC.",CORPORATION,AL,1956 HAWTHORNE AVE,MELROSE PARK,,787599
RENOVA CLUB,NONPROFIT,AL,,MONTGOMERY,,787601
RENOVA COUNTRY CLUB,NONPROFIT,AL,,MONTGOMERY,,787604
"REID LUMBER COMPANY, INC.",CORPORATION,AL,,SELMA,,787607
"SV2J, LLC",LLC,AL,,,,787608
"THE REGENCY HEALTH CLUB, INC.",CORPORATION,AL,,GADSDEN,,787609
"RIMER & CO., INC.",CORPORATION,AL,,BIRMINGHAM,,788377
REPUBLIC DEVELOPMENT CO.,CORPORATION,AL,,BIRMINGHAM,,788378
"RIDOMAC, INC.",CORPORATION,AL,,BIRMINGHAM,,788379
RIVER ACRES DEVELOPMENT AND CONSTRUCTION COMPANY,CORPORATION,AL,,,,788381
"UP N SMOKE #3, INC.",CORPORATION,AL,5646 OLD PASCAGOULA RD,MOBILE,36619,788383
"RIDOUTS' AMBULANCE, INC.",CORPORATION,AL,,BIRMINGHAM,,788384
"RIVERCHASE STEEL CO., INC.",CORPORATION,AL,,,,789041
ROEBUCK PLAZA LAND CO.,CORPORATION,AL,,BIRMINGHAM,,789042
"ROBERT TAILORING CO., INC.",CORPORATION,AL,,BIRMINGHAM,,789043
ROCKY RIDGE GOLF & COUNTRY CLUB,NONPROFIT,AL,,BIRMINGHAM,,789046
"RITE-WAY TRANSMISSION SERVICE, INC.",CORPORATION,AL,,ALEX CITY,,789048
"ROEBUCK RACE WAYS, INC.",CORPORATION,AL,,BIRMINGHAM,,789050
"22183 DEBT, LLC",LLC,AL,,,,789052
XPEERANT INCORPORATED,CORPORATION,AL,4308 GARFIELD AVE,LOVELAND,80538,789053
"ROCKET CITY SPORTSMAN'S CLUB, INC.",NONPROFIT,AL,,HUNTSVILLE,,789722
ROYAL PLAZA ASSOCIATES A LIMITED PARTNERSHIP,PARTNERSHIP,AL,5200 TOWN CENTER CIRCLE,BOCA RATON,33486,789723
J&S LOPEZ POULTRY L.L.C.,LLC,AL,,,,789725
"JOE ROTH'S AUTO CLINIC, INC.",CORPORATION,AL,,BIRMINGHAM,,789726
"ROCKET CITY TRAVEL AND RENTAL, INC.",CORPORATION,AL,,HUNTSVILLE,,789728
"ROCKET CITY TWILIGHT AUTO AUCTION, INC.",CORPORATION,AL,,HUNTSVILLE,,789729
"ROYAL AMERICAN HOMES, INC.",CORPORATION,AL,,MONTGOMERY,,789730
BLACK EMBASSY LIMITED LIABILITY COMPANY,LLC,AL,,,,789732
ROYAL POLISH CO.,CORPORATION,AL,,BIRMINGHAM,,789735
"20/20 VISION CENTERS OF ALABAMA, INC.",CORPORATION,AL,,BIRMINGHAM,,789737
"ROYAL POOLS, INC.",CORPORATION,AL,,,,789739
"ROCKFORD FURNITURE ASSOCIATES, CONSTRUCTION DIVISION, INC.",CORPORATION,AL,,,,790242
"IMPULSE FLOORING, LLC",LLC,AL,6090 DAWSON BLVD.,NORCROSS,30093,790244
"S & D MANUFACTURING, INC.",CORPORATION,AL,,,,790245
"WETUMPKA TRADING COMPANY, LLC",LLC,AL,,,,790250
S & K CORPORATION,CORPORATION,AL,,HUNTSVILLE,,790251
"NUTERRA, LLC",LLC,AL,,,,790253
TOUCHED ESSENTIALS LLC,LLC,AL,,,,790891
ROCKFORD & KELLYTON RAILROAD COMPANY,CORPORATION,AL,,MONTGOMERY,,790893
"ST. LOUIS COCA-COLA BOTTLING COMPANY, INC.",CORPORATION,AL,,BIRMINGHAM,,790894
"ST. VINCENT'S FOUNDATION OF ALABAMA, INC.",NONPROFIT,AL,,BIRMINGHAM,,790895
TIDE-WATER HOMES CORPORATION,CORPORATION,AL,,,,790900
ST. LOUIS EXPLORATION CO.,CORPORATION,AL,,BIRMINGHAM,,790902
"SANDERS HOMES, INC.",CORPORATION,AL,,,,790903
ST. LOUIS FIRE AND MARINE INSURANCE COMPANY,CORPORATION,AL,4144 LINDELL BLVD,ST LOUIS,,790905
"SCHIMPF RESTAURANT COMPANY, INC.",CORPORATION,AL,,,,791843
SCOTTSBORO-JACKSON COUNTY PORT AUTHORITY,NONPROFIT,AL,,,,791845
"N.A. IMPROVEMENTS, LLC.",LLC,AL,,,,791849
"THE SCOTTSBORO JAYCEES, INC.",NONPROFIT,AL,,SCOTTSBORO,,791850
"MCCAIN RENTAL PROPERTIES, LLC",LLC,AL,,,,791851
"GERALD SAVAGE & SONS CORPORATION, INC.",CORPORATION,AL,,MONTEVALLO,,791853
"THE TUSCALOOSA CHILDREN'S CENTER, INC.",NONPROFIT,AL,,TUSCALOOSA,,791855
SAVANNAH AMUSEMENT CO.,CORPORATION,AL,,SAVANNAH,,791856
"SATELLITE CLUB, INCORPORATED",NONPROFIT,AL,,,,791859
SCOTT DRY CLEANING CO. INC.,CORPORATION,AL,,BIRMINGHAM,,791861
WILLARD SCOTT EVANGELISTIC ASSOCIATION,NONPROFIT,AL,,JEMISON,,791862
RUMLEY ALLISON LUMBER CO.,CORPORATION,AL,,TUSCALOOSA,,791863
"SCOTT HARDWARE, INC.",CORPORATION,AL,,,,791865
"RUMLEY PLANING MILL & MFG. CO., INC.",CORPORATION,AL,,,,791866
"SANDY SCOTT, INC.",CORPORATION,AL,,NEW YORK,,791868
THE SERVICE LIFE INSURANCE COMPANY,CORPORATION,AL,1904 FARNAM STREET,OMAHA,,792756
SEMINOLE BOTTLING CO.,CORPORATION,AL,,HUNTSVILLE,,792757
SERVICE LIFE INSURANCE COMPANY,CORPORATION,AL,400 VICKERY BOULEVARD,FORT WORTH,,792761
SELBY DRILLING CORPORATION,CORPORATION,AL,,BOISE,,792762
SELBY ESTATES CORPORATION,CORPORATION,AL,,,,792766
"SEQUOYA HOSIERY MILLS, INC.",CORPORATION,AL,,SCOTTSBORO,,792767
SERVICE LUMBER CO.,CORPORATION,AL,,,,792769
"P. E. SELBY, INC.",CORPORATION,AL,,LAKEWOOD,,792770
SHINEBONE VALLEY MINING CO.,CORPORATION,AL,,BIRMINGHAM,,793642
"SHOALS REFRESHMENT, INC.",CORPORATION,AL,,FLORENCE,,793643
SHELBY COUNTY BREEDERS ASSOCIATION,NONPROFIT,AL,,COLUMBIANA,,793644
"SHINE'S WALK-OVER BOOT SHOP, INC.",CORPORATION,AL,,,,793648
"SHOALS INVESTORS, INC.",CORPORATION,AL,,SHEFFIELD,,793651
SHINE'S WALK OVER SHOE CO. INC.,CORPORATION,AL,,BIRMINGHAM,,793653
JOHN I. SHAFFER HARDWOOD COMPANY,CORPORATION,AL,,LOGANSPORT,,793655
YORKSHIRE INDEMNITY CO.,CORPORATION,AL,12 GOLD ST,NEW YORK,,794651
"YELLOW PINE INSURANCE AGENCY, INC.",CORPORATION,AL,,,,794653
THE YORKSHIRE INDEMNITY COMPANY OF NEW YORK,CORPORATION,AL,90 JOHN STREET,NEW YORK,,794658
"SMITH-COLLEY MERCANTILE CO., INC.",CORPORATION,AL,,BREWTON,,794659
"MARSHALL SMITH, INC.",CORPORATION,AL,,,,794660
"SMITH-GAMBELL COAL CO., INC.",CORPORATION,AL,,BIRMINGHAM,,794662
YORKTOWN BAPTIST CHURCH,NONPROFIT,AL,,PLATEAU,,794664
"SLENDERETTE, INC.",CORPORATION,AL,,MONTGOMERY,,794665
SINO INVESTMENT CO.,CORPORATION,AL,,BIRMINGHAM,,794666
SOUTHEAST ALABAMA FEEDER PIG ASSOCIATION,NONPROFIT,AL,,BRUNDIDGE,,795594
"SOUTHEASTERN CATTLE AND INVESTMENT COMPANY, INC.",CORPORATION,AL,,TALLAHASSE,,795595
SMITH POLEY & CO.,CORPORATION,AL,,,,795596
SOUTH HIGHLAND BAPTIST CHURCH OF BESSEMER,NONPROFIT,AL,,BESSEMER,,795598
SOUTH BALDWIN WILDLIFE AND CONSERVATION CLUB,NONPROFIT,AL,,ELBERTA,,795599
THE SOUTHEAST ALABAMA FRATERNAL ORDER OF POLICE LODGE NO. 27,NONPROFIT,AL,,,,795602
SOUTH HIGHLAND GARAGE CO.,CORPORATION,AL,,BIRMINGHAM,,795603
SOUTHPARK SEWER DISTRICT,NONPROFIT,AL,,BIRMINGHAM,,795605
"SOUTHEAST ALABAMA FUNERAL DIRECTORS, ASSN., INC.",NONPROFIT,AL,,ENTERPRISE,,795606
OURHOME SERVICES INC,CORPORATION,AL,2305 CHAPPELL DR,MONTGOMERY,36108,795608
WOOD-SIMONTON HDWE CO.,CORPORATION,AL,,ABBEVILLE,,795609
SOUTH HIGHLAND LAND CO.,CORPORATION,AL,,BIRMINGHAM,,795610
"SOUTH PARK OF TUSCALOOSA, INC.",CORPORATION,AL,,TUSCALOOSA,,795611
"THE SOUTHEAST ALABAMA HEALTH PLANNING COUNCIL, INC.",NONPROFIT,AL,,,,795615
"Z CAR CLUB OF AMERICA, INC.",CORPORATION,AL,,DECATUR,,795616
FINISHER LLC,LLC,AL,212 TROY ST.,DOTHAN,36303,795617
THE SOUTHEAST ALABAMA HEDGE FENCE CO.,CORPORATION,AL,,,,795619
SOUTH HIGHLAND REALTY & DEVELOPMENT CO.,CORPORATION,AL,,BIRMINGHAM,,795620
WINBERG ORCHARDS & NURSERIES CO. INC.,CORPORATION,AL,,SILVERHILL,,796645
SOUTHERN FURNITURE CORPORATION,CORPORATION,AL,,BIRMINGHAM,,796646
"SOUTHERN HIGHWAY EXPRESS, INC.",CORPORATION,AL,,BIRMINGHAM,,796647
SOUTHERN HORSE NAIL CO.,CORPORATION,AL,,DECATUR,,796648
"SOUTHERN EGG PRODUCTS, INC.",CORPORATION,AL,,BIRMINGHAM,,796649
"SOUTHERN FURNITURE CO., INC.",CORPORATION,AL,,BIRMINGHAM,,796650
SOUTHERN KIDNEY STONE ASSOCIATES,NONPROFIT,AL,,BIRMINGHAM,,796651
"WINCALA SAND AND GRAVEL CO., INC.",CORPORATION,AL,,HALEYVILLE,,796652
SOUTHERN ELECTRIC COMPANY,CORPORATION,AL,,SELMA,,796654
"SOUTHERN HOSIERY COMPANY, INCORPORATED",CORPORATION,AL,,HUNTSVILLE,,796655
"SOUTHERN ELECTRIC CO., INC.",CORPORATION,AL,,,,796656
"SOUTHERN ELECTRIC CO., INC.",CORPORATION,AL,,BIRMINGHAM,,796657
SOUTHERN MOTOR CAR CO.,CORPORATION,AL,,BIRMINGHAM,,797555
"SOUTHERN TIMBER COMPANY, INC.",CORPORATION,AL,,,,797556
SOUTHERN SUPPLY & EXTRACT COMPANY,CORPORATION,AL,,BIRMINGHAM,,797559
"SOUTHERN TIMBER DEALERS ASSOCIATION, INC.",NONPROFIT,AL,,,,797562
SOUTHERN STATES MOTORS CORPORATION,CORPORATION,AL,,BIRMINGHAM,,797563
SOUTHERN STATES OIL & LAND CO.,CORPORATION,AL,15-17 DOVER GREEN,DOVER,,797565
SOUTHERN SURETY CO.,CORPORATION,AL,,DES MOINES,,797566
MA BEAUTY LOUNGE LLC,LLC,AL,,,,797568
"SOUTHLAND COMPANY, INC.",CORPORATION,AL,,HUNTSVILLE,,797571
"SOUTHERN WHOLESALE GROCERY COMPANY, INCORPORATED",CORPORATION,AL,,ENTERPRISE,,797572
SOUTHERN SURETY COMPANY OF NEW YORK,CORPORATION,AL,17 WALL STREET,NEW YORK,,797573
"THE J. STANDISH CLARK CO. PUBLISHERS, INC.",CORPORATION,AL,,BIRMINGHAM,,798680
STATE LIFE OF ILLINOIS,CORPORATION,AL,1201 5TH STREET,SPRINGFIELD,,798681
"STATE LINE CLUB, INC.",NONPROFIT,AL,,,,798690
"SOUTHERN SALES, INC.",CORPORATION,AL,,MONTGOMERY,,798692
THE SOUTHERN LOAN & JEWELRY CO.,CORPORATION,AL,,BIRMINGHAM,,798695
STANDARD MUSIC CO. INC.,CORPORATION,AL,,SAN FRANCISCO,,798702
SOUTHERN STATES ADVERTISING CORP. OF ALA.,CORPORATION,AL,,BIRMINGHAM,,798703
SOUTHERN STATES DISTRIBUTING COMPANY,CORPORATION,AL,2099 LIDDELL DR,ATLANTA,,798705
STRICOS CORPORATION,CORPORATION,AL,,,,799505
"STOKES INTERIORS, GULF COAST INC.",CORPORATION,AL,126 FARISH STREET,JACKSON,,799506
STEEL CITY ELECTRIC COMPANY,CORPORATION,AL,,BIRMINGHAM,,799510
"THE STOP THIEF AUTO LOCK CO., INC.",CORPORATION,AL,,BIRMINGHAM,,799511
"STEWART LUMBER CO., INC.",CORPORATION,AL,,,,799512
"STEVENSON JUNIOR CHAMBER OF COMMERCE, INC.",NONPROFIT,AL,,STEVENSON,,799513
STONES CAMERA CO.,CORPORATION,AL,,,,799514
STEEL CITY ELECTRIC SUPPLY CO.,CORPORATION,AL,,BIRMINGHAM,,799515
STEVENSON LAND & IMPROVEMENT CO.,CORPORATION,AL,,STEVENSON,,799518
"SULPHUR SPRINGS COAL CO., INC.",CORPORATION,AL,,BESSEMER,,800536
SUPERIOR ROOFING COMPANY,CORPORATION,AL,,ENTERPRISE,,800539
THE SUNSHINE RIDING CLUB,NONPROFIT,AL,,LIVINGSTON,,800542
"SUPER-WEAVE RAYON FABRICS, INC.",CORPORATION,AL,,,,800544
SULPHUR SPRINGS LUMBER CO.,CORPORATION,AL,,ST CLAIR SPRINGS,,800546
"SUPERIOR ROOFING & SHEET METAL COMPANY, INC.",CORPORATION,AL,,MONTGOMERY,,800547
GH CRANES & COMPONENTS USA INC.,CORPORATION,AL,,TERRELL,,800548
"TALLAPOOSA COUNTY ASSOCIATION OF VOLUNTEER FIRE DEPARTMENT, INC.",NONPROFIT,AL,,DADEVILLE,,801526
"JIMMIE THOMAS FLOWERS, INC.",CORPORATION,AL,,,,802352
"JACK THAGGARD HARDWARE CO., INC.",CORPORATION,AL,,MONTGOMERY,,802356
ELEVATE ONE,NONPROFIT,AL,104 SHALIMAR TRCE,ALABASTER,35007,802358
TEXARKOMA ALABAMA DEGASIFICATION LIMITED PARTNER,PARTNERSHIP,AL,10816 EXECUTIVE CENTER DRIVE,LITTLE ROCK,72211,802363
THOMAS FRASIER LUMBER COMPANY,CORPORATION,AL,,,,802364
"THE THIRD DISTRICT DENTAL SOCIETY OF ALABAMA, INC.",NONPROFIT,AL,,,,802365
TIJUANA CLUB,NONPROFIT,AL,,MONTGOMERY,,803241
2301 CENTER POINT LLC,LLC,AL,,,,803242
TOMBIGBEE HUNT LODGE,CORPORATION,AL,,BIRMINGHAM,,803245
"TIMBERSTEEL BUILDINGS, INC.",CORPORATION,AL,1259 MONROE DR,ATLANTA,,803250
"WOOD LUMBER COMPANY, INC.",CORPORATION,AL,,BIRMINGHAM,,804911
"THE TRUCKIN' COMPANY, INC.",CORPORATION,AL,,,,804912
TRUE STAR SOCIETY,NONPROFIT,AL,,,,804914
"TRUCKMAN'S CREDIT LIFE, INC.",CORPORATION,AL,,BIRMINGHAM,,804916
ANUDAY4U LLC,LLC,AL,,,,804917
"TRUCKS, AUTO PARTS AND TIRE COMPANY, INC.",CORPORATION,AL,,HUNTSVILLE,,804918
D. J. TRUCKS DRY GOODS CO.,CORPORATION,AL,,BIRMINGHAM,,804920
WOLVERINE HAT AND CAP MANUFACTURING COMPANY,CORPORATION,AL,,DETROIT,,804923
"TUKABATCHEE AREA COUNCIL, INC., BOY SCOUTS OF AMERICA",NONPROFIT,AL,,MONTGOMERY,,804925
RILEY'S & SON'S TRANSPORT LLC,LLC,AL,,,,805784
"UNION CENTRAL RELIEF INS. CO. OF B'HAM, ALA.",CORPORATION,AL,,BIRMINGHAM,,805785
U.S.I.F. DEVILLE CORPORATION,CORPORATION,AL,,,,805786
"UNION CHAPEL CEMETERY ASSOCIATION, INC.",NONPROFIT,AL,,CORDOVA,,805787
UNION INSTITUTE FOR COLORED YOUTHS,NONPROFIT,AL,,MCINTOSH,,805788
UNION CHAPEL WATER AUTHORITY,NONPROFIT,AL,,COFFEEVILLE,,805790
"UNION INS. SOCIETY OF CANTON, LTD.",CORPORATION,AL,175 JACKSON BLVD,CHICAGO,,805791
"UNGAR ELECTRICAL CO., INC.",CORPORATION,AL,,,,805792
"UNION CHEMICAL CO., INC.",CORPORATION,AL,,BIRMINGHAM,,805794
"UNDERWRITER ASSOCIATES, INC.",CORPORATION,AL,,BIRMINGHAM,,805796
THE UNION CITY REALTY CO. OF WARRIOR,CORPORATION,AL,,WARRIOR,,805797
UNIVERSAL CONSOLIDATED INDUSTRIES,CORPORATION,AL,,,,806698
UNLIMITED SERVICES OF AMERICA,CORPORATION,AL,195 HOSACK STREET,COLUMBUS,,806701
V & F BUILDERS INC.,CORPORATION,AL,,,,806706
"UNIVERSAL OIL COMPANY, INC.",CORPORATION,AL,,,,806707
UNITED FARM POISONS CORP.,CORPORATION,AL,,MONTGOMERY,,806709
VAN HENVEL LOGGING CO.,CORPORATION,AL,,,,807429
VICTORY CHAPEL INDEPENDENT CHURCH,NONPROFIT,AL,,,,807434
"VAN HOOSE UNDERTAKING COMPANY, INC.",CORPORATION,AL,,TUSCALOOSA,,807435
VESTAVIA HILLS CIVITAN CLUB,NONPROFIT,AL,,BIRMINGHAM,,807436
VICI-NON-REFILLABLE BOTTLE CO.,CORPORATION,AL,,,,807439
"THE WALLACE BROKERAGE CO., INC.",CORPORATION,AL,,BIRMINGHAM,,808602
"VULCAN TIRE CO., INC.",CORPORATION,AL,,,,808603
"WALKER COUNTY AUTOMOBILE DEALERS ASSOCIATION, INC.",NONPROFIT,AL,,,,808604
"WALLIS BROTHERS OLD SOUTH, INCORPORATED",CORPORATION,AL,,,,808605
THE WALLIS TUNG CORPORATION,CORPORATION,AL,,VALPARISO,,808607
"WESLEYAN CONGREGATIONAL CHURCH, INC.",NONPROFIT,AL,,CITRONELLE,,809522
"WESLEYAN INDEPENDENT CHURCH OF DOTHAN, ALABAMA",NONPROFIT,AL,,,,809525
WESLEYAN INTERDENOMINATIONAL CAMP MEETING ASSOCIATION,NONPROFIT,AL,,,,809527
"WE CARE MINISTRIES, INC.",NONPROFIT,AL,,,,809528
"THE WESLEYAN METHODIST CHURCH OF BRENT, ALABAMA",NONPROFIT,AL,,BRENT,,809529
"THE WESLEYAN METHODIST CHURCH OF ENTERPRISE, INC.",NONPROFIT,AL,,ENTERPRISE,,809531
WOODSTOCK COTTON MILLS,CORPORATION,AL,,ANNISTON,,810927
"WIDEMAN'S, INC.",CORPORATION,AL,,WETUMPKA,,810928
WILLIAM & MORRIS INCORPORATED,CORPORATION,AL,,BIRMINGHAM,,810929
"WILLIAM-RUTHVEN ENTERPRISES, INC.",CORPORATION,AL,,HUNTSVILLE,,810931
"WILLIAMON COMMUNICATIONS, INC.",CORPORATION,AL,,GLENCOE,,810936
"WHITEWAY UPHOLSTERY & MATTRESS CO., INC.",CORPORATION,AL,,,,810937
"PRYOR-ADAMS MOTORS, INC.",CORPORATION,AL,,BIRMINGHAM,,812288
THE REGISTER PUBLISHING CO.,CORPORATION,AL,,HUNTSVILLE,,812289
WALKER CO. CATTLEMEN'S ASSN.,NONPROFIT,AL,,,,812292
WILLIAMS HARDWARE CO.,CORPORATION,AL,,,,812293
"REBEL FIELD, INC.",NONPROFIT,AL,,STAPLETON,,812295
REBEL ROUSERS CITIZEN'S BANK CLUB,NONPROFIT,AL,,CHICKASAW,,812296
"RECONDITE SOCIAL CLUB, INCORPORATED",NONPROFIT,AL,,,,812297
RED MOUNTAIN DEVELOPMENT CO.,CORPORATION,AL,,BIRMINGHAM,,812298
THE UAB EDUCATIONAL FOUNDATION,NONPROFIT,AL,,,,812300
THE TALLADEGA COUNTY EMERGENCY MANAGEMENT COMMUNICATIONS DISTRICT,NONPROFIT,AL,,,,812301
"GADSDEN-ETOWAH COUNTY COMMUNITY HOUSING RESOURCE BOARD, INC.",NONPROFIT,AL,,GADSDEN,,812302
"COWLICKS SALON, LLC",LLC,AL,,,,813268
"398TH BOMB GROUP (H) MEMORIAL ASSOCIATION, INC.",NONPROFIT,AL,,,,813270
TRI - COMMUNITY VFD,NONPROFIT,AL,,WHATLEY,,813273
"LORD JESUS CHURCH, INC.",NONPROFIT,AL,2500 12 AVENUE,BIRMINGHAM,,813275
PINE GROVE BAPTIST CHURCH,NONPROFIT,AL,,LINEVILLE,,814085
"WESTVIEW BAPTIST CHURCH, INC.",NONPROFIT,AL,,,,814086
THE PUB INC.,NONPROFIT,AL,,,,814087
"TAYLOR HILL COMMUNITY BAPTIST CHURCH, INC.",NONPROFIT,AL,,,,815259
THE PUBLIC BUILDING AUTHORITY OF THE CITY OF FORT PAYNE,NONPROFIT,AL,,FORT PAYNE,,815260
NEW SHILOH PROGRESSIVE PRIMITIVE BAPTIST CHURCH,NONPROFIT,AL,,HUNTSVILLE,,815261
SHAWMUT UNITED METHODIST CHURCH,NONPROFIT,AL,,,,815262
"SPANISH TRAIL BAPTIST CHURCH, INC.",NONPROFIT,AL,,,,815263
BUSH ROAD EMMANUEL HOLINESS CHURCH,NONPROFIT,AL,,,,815264
MOUNT EBELL MISSIONARY BAPTIST CHURCH,NONPROFIT,AL,,,,815265
CADDO-MIDWAY FIRE AND RESCUE DISTRICT,NONPROFIT,AL,,TRINITY,,815266
PINE FLAT CEMETERY ASSOCIATION,NONPROFIT,AL,,,,815267
CROPWELL BAPTIST CHURCH,NONPROFIT,AL,,,,815268
"GENESIS PIPELINE USA, L.P.",PARTNERSHIP,AL,,HOUSTON,,815270
FAITH BAPTIST CHURCH,NONPROFIT,AL,5524 JAYBIRD RD,COTTONDALE,35453,815272
"RYAN'S MEGA MANUFACTURING GROUP, LP",PARTNERSHIP,AL,405 LANCASTER AVENUE,GREER,29650,816120
"FORT DEPOSIT CHAPTER #3047 OF AMERICAN ASSOCIATION OF RETIRED PERSONS, INC.",NONPROFIT,AL,,,,816121
"WELLCARE HEALTH INSURANCE OF ARIZONA, INC.",CORPORATION,AL,3225 CENTRAL AVE,PHOENIX,85012,816122
VICTORIA SELECT INSURANCE COMPANY,CORPORATION,AL,5915 LANDERBROOK DR,CLEVELAND,44124-4058,816123
"PATTERSON-UTI DRILLING COMPANY LP, LIMITED PARTNERSHIP",PARTNERSHIP,AL,,"LAMESA, SNYDER",,816124
"TUSCALOOSA COUNTY CHAPTER #146 OF AARP, INC.",NONPROFIT,AL,,MONTGOMERY,,816126
"LEE COUNTY CHAPTER #1513 OF AARP, INC.",NONPROFIT,AL,,,,816127
"RIVERCHASE RESIDENTIAL ASSOCIATION, INC.",NONPROFIT,AL,,BIRMINGHAM,,816131
MARBLE CITY DAYCARE AND KINDERGARTEN,NONPROFIT,AL,,,,817149
YMCA PUBLIC PARK AND RECREATION BOARD OF THE CITY OF DAPHNE,NONPROFIT,AL,,,,817151
"PROFESSIONAL PROPERTY INVESTORS, LP",PARTNERSHIP,AL,1919 BUTTERCUP DR,HOOVER,35226,817152
"THE BLOUNT SPRINGS BAPTIST CHURCH, INCORPORATED",NONPROFIT,AL,,,,817153
AUTAUGA COUNTY INDUSTRIAL WATER AUTHORITY,NONPROFIT,AL,,PRATTVILLE,,817154
GREENBRIAR DIGGING SERVICE LIMITED PARTNERSHIP,PARTNERSHIP,AL,,BROOKHAVEN,,817155
"EASTLAKE FULL GOSPEL BAPTIST CHURCH OF BIRMINGHAM, ALABAMA",NONPROFIT,AL,,BESSEMER,,817157
"TRUE WORD OF GOD APOSTOLIC MINISTRIES, INC.",NONPROFIT,AL,,LINCOLN,,817159
BUILT BY BEARDEN LLC,LLC,AL,,,,817160
MIZELL MEMORIAL HOSPITAL INCORPORATED,NONPROFIT,AL,,OPP,,817161
"INTERSTATE CONNECTIONS, LIMITED PARTNERSHIP",PARTNERSHIP,AL,2113 WELLS BRANCH PKWY,AUSTIN,78728,817162
"BON SECOUR VOLUNTEER FIRE/RESCUE, INC.",NONPROFIT,AL,,FOLEY,,817163
THE SPECIAL CARE FACILITIES FINANCING AUTHORITY OF THE CITY OF BIRMINGHAM-GENERAL,NONPROFIT,AL,,,,817164
"THE SPECIAL CARE FACILITIES FINANCING AUTHORITY OF THE CITY OF PELL CITY, ALABAMA",NONPROFIT,AL,1905 1ST AVE,CITY HALL PELL CITY,35125,818151
MT. HEBRON BAPTIST CHURCH,NONPROFIT,AL,17689 PINE LAKE RD,NORTHPORT,35475,818153
"THE LINKS AT GULF SHORES, A LIMITED PARTNERSHIP",PARTNERSHIP,AL,1165 JOYCE BLVD,FAYETTEVILLE,72703,818154
"HD SUPPLY POWER SOLUTIONS, LTD.",PARTNERSHIP,AL,3100 CUMBERLAND BLVD,ATLANTA,30339,818156
"WHITE CAP, L.P.",PARTNERSHIP,AL,3100 CUMBERLAND BLVD,ATLANTA,30339,818157
CORE & MAIN LP,PARTNERSHIP,AL,1830 CRAIG PARK COURT,ST LOUIS,63146,818158
"EAGLES' NEST MINISTRIES, INC.",NONPROFIT,AL,,HUNTSVILLE,,818163
THE GREENE COUNTY SOLID WASTE DISPOSAL AUTHORITY,NONPROFIT,AL,,EUTAW,,818164
"TILLMAN-OD, LP",PARTNERSHIP,AL,5949 SHERRY LANE,DALLAS,75225,819067
"DOTHAN-OD, LP",PARTNERSHIP,AL,5949 SHERRY LANE,DALLAS,75225,819068
THE COMMERCIAL DEVELOPMENT AUTHORITY OF THE CITY OF COLUMBIANA,NONPROFIT,AL,107 MILDRED STREET,COLUMBIANA,35051,819069
ABYSSINIA MISSIONARAY BAPTIST CHURCH,NONPROFIT,AL,,,,819070
"BAYER FAMILY INVESTMENTS, L.P.",PARTNERSHIP,AL,2222 ARLINGTON AVE,BIRMINGHAM,35205,819072
"SILVERSTEIN FAMILY INVESTMENTS, L.P.",PARTNERSHIP,AL,2222 ARLINGTON AVE,BIRMINGHAM,35205,819073
MILWAUKEE SAFEGUARD INSURANCE COMPANY,CORPORATION,AL,,BROOKFIELD,,819077
"GREEN VALLEY BAPTIST CHURCH OF BIRMINGHAM, INC.",NONPROFIT,AL,1815 PATTON CHAPEL RD,BIRMINGHAM,,820069
CENTRAL GULF COAST CHURCH OF THE NAZARENE,NONPROFIT,AL,,,,820070
NATIONAL PUMP & COMPRESSOR LTD.,PARTNERSHIP,AL,3405 CARDINAL DRIVE,BEAUMONT,77705,820071
"PROVIDENCE CHRISTIAN MINISTRIES, INC.",NONPROFIT,AL,,BIRMINGHAM,,820072
"FIVE STAR ADVANTAGE MARKETING, LTD",PARTNERSHIP,AL,604 WALNUT CREEK DR,MANSFIELD,76063,820074
TRI-STATE INSPIRATIONAL BROADCASTING CORPORATION,NONPROFIT,AL,,,,820075
"MASTER PROTECTION, LP",PARTNERSHIP,AL,1501 YAMATO ROAD,BOCA RATON,33431,820076
"CALVARY ASSEMBLY OF GOD, INC.",NONPROFIT,AL,,DECATUR,,820078
"MOBILE STEAMSHIP ASSOCIATION, INC.",NONPROFIT,AL,,,,820079
"MAYWOOD CHRISTIAN CAMP, INC.",NONPROFIT,AL,,,,820080
"LANI-KAI VILLAGE CONDOMINIUM ASSOCIATION, INC.",NONPROFIT,AL,,,,820081
"CROSS CREEK PARK ASSOCIATION, INC.",NONPROFIT,AL,,BIRMINGHAM,,820082
THE GREENVILLE CONGREGATION OF JEHOVAH'S WITNESSES,NONPROFIT,AL,,GREENVILLE,,820083
EAST ORANGE BEACH PROPERTY OWNERS ASSOCIATION,NONPROFIT,AL,,ORANGE BEACH,,820084
"HUDSON GAS AND OIL, LTD.",PARTNERSHIP,AL,35 WYNDEN DR,HOUSTON,77056,820085
"JAMESTOWN TIMBER 1, L.P.",PARTNERSHIP,AL,3625 CUMBERLAND BLVD,ATLANTA,30339,820086
THE SOUTHERN BANK COMPANY,CORPORATION,AL,,GADSDEN,,820087
MARATHON PETROLEUM COMPANY LP,PARTNERSHIP,AL,539 MAIN STREET,FINDLAY,45840,820088
"ALLBRIGHT WATER COLLEGE, LLC",LLC,AL,,,,820769
STEELE MINISTRY,NONPROFIT,AL,6414 MERCATOR DRIVE,HUNTSVILLE,35810,820770
GRACE LUTHERAN CHILD DEVELOPMENT CENTER,NONPROFIT,AL,3321 MEMORIAL PARKWAY,HUNTSVILLE,35801,820771
320 AUTO SALES LLC,LLC,AL,,,,820773
ABBY SCHMUCKER LLC,LLC,AL,,,,820774
"ALABAMA PALLET PROS, LLC",LLC,AL,,,,820775
"WLBC HOLDINGS, LLC",LLC,AL,,,,820776
"J & S SPEED SHOP, LLC",LLC,AL,,,,820777
LET US ASSIST HOME CARE LLC,LLC,AL,,,,820778
"CHILDRESS COMPLETE TREE SERVICE, LLC",LLC,AL,,,,820779
JJED LLC,LLC,AL,,,,820780
BISHOP SUPPORTIVE HOUSING PROGRAM,NONPROFIT,AL,2305 FAMILY DR,AUTAUGAVILLE,36003,820781
SWEET AROMA CANDLES LLC,LLC,AL,,,,820782
SCRUFF N' FLUFF LLC,LLC,AL,,,,820783
LE'HAYVEN ZTYLES INC.,NONPROFIT,AL,401 17TH ST,SHEFFIELD,,820784
AMBITIONS WRITING SERVICES LLC,LLC,AL,,,,820785
DE NOVO LEGAL LLC,LLC,AL,4 NEW YORK PLAZA,NEW YORK,10004,820786
TIM'S LAWN CARE LLC,LLC,AL,,,,820787
T & L SMALL ENGINE REPAIR LLC,LLC,AL,,,,820788
"A-LIGN COMPLIANCE AND SECURITY, INC.",CORPORATION,AL,400 ASHLEY DRIVE,TAMPA,33602,820789
EDWARD WHITE ENTERPRISE LLC,LLC,AL,,,,820790
"BAILER TRUCKING, LLC",LLC,AL,,,,821936
33 ENTERPRISES LLC,LLC,AL,3 OFFICE PARK CIRCLE,BIRMINGHAM,35223,821937
CKC TRANSPORT & TRUCKING LLC,LLC,AL,,,,821939
"ARG IV BORROWER, LLC",LLC,AL,4058 COLLEGE AVENUE,FAYETTEVILLE,72703,821940
TRIPLE C TRANSPORTERS  L.L.C.,LLC,AL,,,,821941
ROXANA LLC,LLC,AL,,,,821942
"NO LABEL LINE, LLC.",LLC,AL,,,,821943
BRIDGET MARS PHOTOGRAPHY L.L.C,LLC,AL,,,,821944
TBELLA EXPRESS LLC,LLC,AL,,,,821945
"COACHING LEADERS, LLC",LLC,AL,,,,821946
FIRE FLIES LLC,LLC,AL,,,,822906
G3MS TV LLC,LLC,AL,,,,822907
REVERENCE GROOMING LLC,LLC,AL,,,,822908
BAYOU PROVISIONS COMPANY LLC,LLC,AL,,,,822909
CARTER MARIE'S  CENTER FOR BATTERED WOMEN AND CHILDREN,NONPROFIT,AL,4274 RAINTREE ROAD,EIGHT MILE,36613,822910
"CAMINO ALLIANCE, INC.",NONPROFIT,AL,8143 OLDFIELD ROAD,HUNTSVILLE,35802,822911
FASHIONABLY GREEK FOUNDATION INC.,NONPROFIT,AL,3578 OAK TREE DRIVE,SEMMES,36575,822912
HAVOC AMATEUR HOCKEY LEAGUE,NONPROFIT,AL,2613 MOUNTAIN STREAM WAY,OWENS CROSS ROADS,35763,822913
MARSHALL FIXOLOGY LLC,LLC,AL,,,,822914
PRINCESS GIFTS OF AMAZING LOVE N TREASURES OR PRINCESS G.O.A.L.'N TREASURES,NONPROFIT,AL,4420 21ST STREET,TUSCALOOSA,35401,822915
PLAINSMAN WOODWORKING LLC,LLC,AL,,,,822916
BRAVERY IN BELIEF,NONPROFIT,AL,3010 POPLAR LANE,ADAMSVILLE,35005,822917
AUBURN ARROWS BASEBALL,NONPROFIT,AL,,,,822918
STUDIO 254 LLC,LLC,AL,,,,823693
"BAILEY BUSINESS SERVICES, LLC.",LLC,AL,,,,823694
J&S ENT LLC,LLC,AL,,,,823695
CULTIVATED PEACE LLC,LLC,AL,,,,823696
"AFFIRMING CARE COUNSELING AND WELLNESS, LLC",LLC,AL,,,,823697
BLESSED BUY THE BEST LLC,LLC,AL,,,,823698
"J AND T PERFORMANCE, LLC",LLC,AL,,,,823699
DFW CREATIVE INVESTMENTS LLC,LLC,AL,,,,823700
ROGERS & ROGERS ENTERPRISES LLC,LLC,AL,,,,823701
COOPER METAL ROOFING AND HOME REPAIR L.L.C.,LLC,AL,,,,823702
"DAWG POUND II, LLC",LLC,AL,,,,823704
A&W CLEANING SERVICE'S LLC,LLC,AL,,,,823705
REEL IN REAL-ESTATE LLC,LLC,AL,,,,823706
GAO HOLDINGS LLC,LLC,AL,,,,823707
APPLE TRUCKING CORPORATION,CORPORATION,AL,,BIRMINGHAM,,823708
SAN CONSULTING LLC,LLC,AL,,,,824382
SECURE HOME SOLUTIONS LLC,LLC,AL,,,,824383
MAKEUPBYCOREY LLC,LLC,AL,,,,824384
EMERGERS BIRTH EVERGERS DEATH DOULAS LLC,LLC,AL,,,,824385
A J ENTERTAINMENT LLC,LLC,AL,,,,824386
BEPOZZI LLC,LLC,AL,,,,824387
LAD INNOVATIVE SOLUTIONS LLC,LLC,AL,,,,824388
"BJM UNLIMITED MARKETING, LLC",LLC,AL,,,,824389
"TB & BB PROPERTIES, LLC",LLC,AL,,,,824390
"KIRKWOOD REALTY, LLC",LLC,AL,1227 ROCKBRIDGE ROAD,STONE MOUNTAIN,30087,824391
BBG AUTOS LLC,LLC,AL,,,,824392
G AND E MANAGEMENT LLC,LLC,AL,,,,824393
COLFAX PROPERTIES LLC,LLC,AL,,,,824394
"C & W VENTURES, LLC",LLC,AL,,,,824395
"FRANKLIN-RICHARDSON PROPERTIES, LLC",LLC,AL,,,,825398
"PAT GOINS OF MONROE, INC.",CORPORATION,AL,4409 PARKRIDGE DR.,BENTON,71006,825399
"JERROD ADAMS, LLC",LLC,AL,,,,825400
KARE BUSINESS SERVICES L.L.C.,LLC,AL,,,,825401
ELIGHTENMENT-ALABAMA ONLINE LEARNING,NONPROFIT,AL,2161-B MAIN STREET,MILLBROOK,36054,825403
"BURKE HORSEDRAWN FUNERAL SERVICE, LLC",LLC,AL,,,,825404
39TH STREET PRODUCTIONS LLC,LLC,AL,240 37TH STREET,NEW YORK,10018,825405
"BETHEL BAPTIST CHURCH OF JONES, ALABAMA, INC.",NONPROFIT,AL,,JONES,,825406
"DOBSON INVESTMENTS, LLC",LLC,AL,,,,825407
GIMME - A - BREAK,NONPROFIT,AL,409 SUMMERCHASE DRIVE,CALERA,35040,825408
AIM-FACTORFUND-2020 LLC,LLC,AL,,,,825409
TYNERS  MOBILE DUMP RENTAL LLC,LLC,AL,,,,825410
"MWW, LLC",LLC,AL,,,,825411
"DIGUGLIELMO AL IP, LLC",LLC,AL,,,,825412
A1 USED CARS LLC,LLC,AL,,,,825413
"DYED PIRATES SOCIETY, LLC",LLC,AL,,,,826082
"UNIONTOWN FRESHSTART MARKET, LLC",LLC,AL,,,,826083
CHAVELLA INVESTMENTS LLC,LLC,AL,476 OLD SMIZER MILL RD,FENTON,63026,826084
HWB CLEANING SERVICES LLC,LLC,AL,,,,826085
RASH TAX SERVICE LLC,LLC,AL,,,,826086
TUTOR TIME LLC,LLC,AL,,,,826087
"THOSE LAKE MARTIN GUYS, LLC",LLC,AL,,,,826088
"AFFORDABLE MOVERS, LLC",LLC,AL,,,,826089
GENTILLY PARK LLC,LLC,AL,,,,826090
LASTER'S MOBILE HOME SERVICE & MORE LLC,LLC,AL,,,,826091
"VALLEY VIEW GROCERY, LLC",LLC,AL,,,,826092
GIAMBRONE AUTOMOTIVE LLC,LLC,AL,,,,826093
"COMPASS COUNSELING, LLC",LLC,AL,,,,826094
"CCDC AVIATION, LLC",LTD,AL,,,,826095
"MRW PROPERTIES, LLC",LLC,AL,,,,826096
"LRK PROPERTIES, LLC",LLC,AL,,,,826097
"TIM GAMBLE PLUMBING, LLC",LLC,AL,,,,826098
KJ CLEANING SERVICE INC,CORPORATION,AL,146 LEATHERTREE LN,MADISON,35758,826940
FERNISHING TEES AND ACCESSORIES LLC,LTD,AL,,,,826941
CURRYS' PROPERTIES LLC,LLC,AL,,,,826942
HH RENTAL PROPERTIES LLC,LLC,AL,,,,826943
"R&B ASSETS, LLC",LLC,AL,,,,826944
MA LIYAH KITCHEN & CATERING LLC.,LLC,AL,,,,826945
"GRACE PROPERTY CARE, INC",CORPORATION,AL,1000 CREEL DRIVE,MOODY,35004,826946
SUI & SALAI LLC,LLC,AL,,,,826947
"ALABAMA SKYWAY, LLC",LLC,AL,,,,827893
"BRILLIANT DESIGNS, LLC.",LLC,AL,,,,827894
"MARKET Q II, INC.",CORPORATION,AL,701 INTERNATIONAL PARKWAY,LAKE MARY,32746,827895
"KLSPEAKS, LLC",LLC,AL,,,,827896
"PHOENIX COLLABORATIVE SOLUTIONS, LLC",LLC,AL,,,,827897
LIV CREATIVE SOLUTIONS L.L.C.,LLC,AL,,,,827899
"MEKEDA ENTERPRISES, INC L.L.C",LLC,AL,,,,827900
E AND P LAWN CARE LLC,LLC,AL,,,,827901
TELEPHONE CONTACT SERVICES LLC,LLC,AL,,,,827902
ALL OUT PLUMBERS LLC,LLC,AL,,,,827903
TAQUOYA COOKS LLC,LLC,AL,,,,827904
"U,N'I APPAREL LLC",LLC,AL,,,,827905
ITS'U LLC,LLC,AL,,,,827906
"FIAT HOMES, LLC",LLC,AL,,,,827907
"GULFSHORESDELIVERY, LLC",LLC,AL,,,,827908
AROUND THE CLOCK TRUCKING LLC,LLC,AL,,,,827909
VICTORY AUTO BROKERS LLC,LLC,AL,,,,828876
SCRUB COUTURE LLC,LLC,AL,,,,828877
"ORRA ADMINISTRATIVE SOLUTIONS, L.L.C.",LLC,AL,,,,828878
"JANE SALON, LLC",LLC,AL,,,,828879
DUMAS HOME SERVICES LLC,LLC,AL,,,,828880
"TONY DAVID BASEBALL, LLC",LLC,AL,,,,828881
CREATIFF CONSULTANCY LLC,LLC,AL,,,,828882
LOXO LOCKER KENNELS LLC,LLC,AL,,,,828883
THIS BELONGS TO US INC.,NONPROFIT,AL,,EUTAW,,828884
WASHINGTON'S CONSULTING AND MOBILE NOTARY L.L.C.,LLC,AL,,,,828885
RAWHUSTLE LLC,LLC,AL,,,,828886
"CNR SOLUTIONS, LLC",LLC,AL,,,,828887
"ROAD TO DISCOVERIES TRAVEL, LLC",LLC,AL,,,,828888
"C & C WAREHOUSING, LLC",LLC,AL,,,,828889
BHAVANI MAA INC,CORPORATION,AL,3074 ARBOR BEND,HOOVER,35244,830037
ERVIN ENTERPRISES LLC,LLC,AL,,,,830038
AJS BOUTIQUE LLC,LLC,AL,,,,830039
WHITEHEAD AUTO GROUP LLC,LLC,AL,,,,830040
"EXPLORE ADULT STORE, LLC.",LLC,AL,,,,830041
LOVING HANDS CAREGIVER LLC,LLC,AL,,,,830042
BWR GROUP LLC,LLC,AL,,,,830043
"DB DESIGN, LLC",LLC,AL,100 TRADE STREET,LEXINGTON,40511,830044
MAGIKAL EATS LLC,LLC,AL,,,,830045
"MEADOR LAND AND TIMBER, INC.",CORPORATION,AL,902 COMMISSIONERS AVENUE,DEMOPOLIS,36732,830046
"MX6, LLC",LLC,AL,,,,830048
NICHOLS & SON INDEPENDENT CONTRACTOR LLC,LLC,AL,,,,830049
CONCRETE TREATS L.L.C.,LLC,AL,,,,830050
"ZEN HOLDINGS, INC.",CORPORATION,AL,3225 MCLEOD DR,LAS VEGAS,89121,830051
"THE MYSTICAL BOOKNERD, LLC",LLC,AL,,,,830968
NINA NAIL AND SPA LLC,LLC,AL,,,,830969
HILL HOMES AND RENOVATIONS LLC,LLC,AL,,,,830970
"KELLERMAN CONSTRUCTION, INC.",CORPORATION,AL,1221 MADISON HWY,M. BRAHM KELLERMAN VALDOSTA,31601,830971
AMERICAN LEGACY LOGISTICS LLC,LLC,AL,,,,830972
"RL LOPEZ CUSTOM POOLS WORK, LLC",LLC,AL,,,,830973
"QUINSTARS, LLC",LLC,AL,,,,830975
DILLIGAS CORP,CORPORATION,AL,,MONTGOMERY,,830976
"DYNAMIC RELIABLE ECONOMIC (D.R.E.) TRANSPORT SOLUTIONS, LLC",LLC,AL,,,,830977
"HEART OF DIXIE BEER COMPANY , INC.",CORPORATION,AL,111 FIRST AVENUE,EAST ONEONTA,35121,830978
"2F4B, LLC",LLC,AL,,,,830979
FAITH HOME MAINTENANCE L.L.C.,LLC,AL,,,,830980
WYATT SASSER CONSTRUCTION PROPERTIES LLC,LLC,AL,,,,830981
J&J MERCHANDISE LLC,LLC,AL,,,,830982
"SNAPPY APP, INC.",CORPORATION,AL,125 5TH AVE,NEW YORK,10003,830983
CAMPBELL AUTOMOTIVE LLC,LLC,AL,,,,830984
"68V CANAL COMMERCIAL 2021, LLC",LLC,AL,,,,830985
"64 ENTERPRISES, LLC.",LLC,AL,,,,830986
"POISED COUNSELING AND CONSULTING, LLC",LLC,AL,,,,830987
SHANNON'S CONSULTING LLC,LLC,AL,,,,831939
"MNCS, LLC",LLC,AL,,,,831940
"CARPENTERS SON CONSTRUCTION, LLC",LLC,AL,,,,831941
4S PROPERTY PRESERVATION LLC,LLC,AL,,,,831942
"UNIQUE LIFE BOUTIQUE, LLC",LLC,AL,,,,831943
"RTN SERVICES, LLC",LLC,AL,,,,831944
"EXTRA INNINGS CORKS AND BREWS, LLC",LLC,AL,,,,831945
"BEL KWEN, LLC.",LLC,AL,,,,831946
"PUMP IT UP DANCE WORKOUTS, LLC.",LLC,AL,,,,831947
"SMOKIN' BAMA FOOD SERVICES, LLC",LLC,AL,,,,831948
X FACTOR FREIGHT LLC,LLC,AL,,,,831949
AUTOWORKS TRANSPORT SOLUTIONS LLC,LLC,AL,,,,831950
MDP ELITE SERVICES LLC,LLC,AL,,,,831951
TRIPLE C LAWN & PEST CARE LLC,LLC,AL,,,,831952
CHARLISOURCE LLC,LLC,AL,,,,831953
VICTORY LANE AUTO SALES LLC,LLC,AL,,,,831954
VICTORY LANE AUTO SALES LLC,LLC,AL,,,,831954
ADAM BOWDEN CONSTRUCTION LLC,LLC,AL,,,,831955
POSITIVE PERSPECTIVES & CONSULTATIONS LLC,LLC,AL,,,,831956
OUTHOUSE MINISTRIES LLC,LLC,AL,,,,831957
NO LIMIT HOME BUILDER & ASSOCIATES LLC,LLC,AL,,,,831958
"AMAZING PARTNERS, LLC",LLC,AL,,,,831959
LRM TRUCKING LLC,LLC,AL,,,,831960
"THE COMPOUND FITNESS AND NUTRITION, LLC",LLC,AL,,,,831961
"NORTHGATE TERRACE APARTMENTS, LLC.",LLC,AL,9607 16TH CIRCLE,BRADENTON,34209,831962
"W. A. ELLIS III, LLC",LLC,AL,,,,831963
AMR OPTIONS INC,CORPORATION,AL,600 MARKET ST,CHATTANOOGA,37405,831964
"MOTOR ROLA, LLC",LLC,AL,,,,831965
BNB DESIGNZ LLC,LLC,AL,,,,831966
THE GLAM FAM LLC,LLC,AL,,,,831967
"LAURYN JAYDE EXCLUSIVE SHOP, LLC",LLC,AL,,,,831968
B & A TRANSIT LLC,LLC,AL,,,,831969
THSCM HOLDINGS LLC,LLC,AL,,,,832888
BE HUMBLE TRANSPORT LLC,LLC,AL,,,,832889
"GRAB A HOME AL, LLC",LLC,AL,,,,832890
"S TEK USA, INC.",CORPORATION,AL,5341 PERIMETER PKWY,MONTGOMERY,36116,832891
HOUSE OF HONEY LLC,LLC,AL,,,,832892
RXPREP INC,CORPORATION,AL,124 CENTER STREET,EL SEGUNDO,90245,832893
"J.W. JORDAN AUCTION SERVICES, LLC",LLC,AL,,,,832894
BAMA EASTBOUND TRUCKING L.L.C,LLC,AL,,,,832895
"FIRST CHOICE FREIGHT, LLC",LLC,AL,,,,832896
"ELISER TECHNOLOGIES, LLC",LLC,AL,,,,832897
G AND W REALTY LLC,LLC,AL,,,,832898
TP TRUCKING LLC,LLC,AL,,,,832899
"STONE & LEAF DESIGN, LLC",LLC,AL,,,,832900
ALPHAMED RX INC.,CORPORATION,AL,,LOGANVILLE,,832901
THE ROSE PETAL GROUP LLC,LLC,AL,,,,832902
FAITH BASED INITIATIVES (FBI),NONPROFIT,AL,528 FORD CHAPEL ROAD,HARVEST,35749,832903
"TOWER TITLE & CLOSING OF ALABAMA, LLC",LLC,AL,,,,832904
PMJ JANITORIAL SERVICES LLC,LLC,AL,,,,832905
ANDERSYN JACK INC.,CORPORATION,AL,944 RONNIE MCDOWELL AVE,RUSSELLVILLE,35654,833627
"OAK LAKE LAND CLEARING, LLC",LLC,AL,,,,833628
8IGHT INC.,CORPORATION,AL,9728 BRYANT AVE,BIRMINGHAM,35217,833629
SMOKE R US OF OZARK LLC,LLC,AL,,,,833630
EXCEL ENOCH JOHNSON MEMORIAL CHURCH OF THE NAZARENE,NONPROFIT,AL,80 HARDIN ST,EXCEL,36439,833631
ROSTEN COMMERCIAL B3 LLC,LLC,AL,,,,833632
NEW JERUSALEM PRIMITIVE BAPTIST CHURCH,NONPROFIT,AL,1001 CHURCH AVENUE,COURTLAND,35618,833633
"GRIFFIN FINANCIAL SERVICES, LLC",LLC,AL,,,,833634
MONIQUE SUI-JURIS EMPRESS LLC,LLC,AL,,,,833635
"CENTRAL ALABAMA ORTHOPEDIC AMBULATORY SURGERY CENTER, LLC",LLC,AL,,,,833636
LOUISE LOAN INC.,CORPORATION,AL,1151 LOUISE AVE,MOBILE,36609,833637
"DIXIE RENTALS, LLC",LLC,AL,,,,833638
A&A ELITE CAR SALES LLC,LLC,AL,,,,833639
T MURILLO CONSTRUCTION LLC,LLC,AL,,,,833640
GEE DEVELOPMENT LLC,LLC,AL,,,,834655
"THE KING'S WAY 35, LLC",LLC,AL,,,,834656
"SOUTHEASTERN FARMS, LLC",LLC,AL,,,,834657
"DAVID GASTON FISHING, LLC",LLC,AL,,,,834658
"COVE RIDGE, LLC",LLC,AL,,,,834659
"KTOWN ENTERPRISES, LLC",LLC,AL,,,,834660
"EDINGER COLLECTIVE, LLC",LLC,AL,,,,834661
"TGB LAND, LLC",LLC,AL,,,,834663
"FELLERSHIP OAKS, LLC",LLC,AL,,,,834664
D H DELAPP LLC,LLC,AL,,,,834665
"JW COLE CONSULTING, LLC",LLC,AL,,,,834666
"GULF COAST ELECTRICAL SOLUTIONS, LLC",LLC,AL,,,,834667
"CANTERBURY PAPERIE, LLC",LLC,AL,,,,834668
"MUNTERS BW, LLC",LLC,AL,,,,834669
"CWC AGENCY BROKERAGE, LLC",LLC,AL,,,,834670
"HAMMONDVILLE QUICK STOP, LLC",LLC,AL,,,,834671
"BATTLES FAMILY TRADING, LLC",LLC,AL,,,,834672
"GEORGIA DRYWALL, LLC",LLC,AL,1965 INTERNATIONAL COURT,GROVETOWN,30813,834673
"EMILEE FAMILY INVESTMENTS, LLC",LLC,AL,,,,834674
ALABAMA MINE SAFETY & TRAINING FOUNDATION,NONPROFIT,AL,2 JACKSON ST,MONTGOMERY,36104,835308
"LINDSEY LAND, LIMITED LIABILITY COMPANY",LLC,AL,94 LANDFILL ROAD,EDINBURG,22824,835309
"TRIPLE BOGEY, LLC",LLC,AL,,,,835310
BY L'EVELYN LLC,LLC,AL,,,,835311
WAVELENGTH,NONPROFIT,AL,808 COLEMAN AVE,FAIRHOPE,36532,835312
GONZALEZ AND PALAFOX PROPERTIES LLC,LLC,AL,,,,835313
OLIVER TIRES LLC,LLC,AL,,,,835314
"MWIG2, LLC",LLC,AL,,,,835315
NOSTALGIA MEDIA LLC,LLC,AL,,,,836208
"CULLMAN KITCHEN AND BATH, LLC",LLC,AL,,,,836209
"APPLIED FOUNDATION TESTING, LLC",LLC,AL,4152 BLUE HERON BLVD,RIVERA BEACH,33404,836210
KNIFE TO FORK HOSPITALITY LLC,LLC,AL,,,,836211
ACS CONSTRUCTION SERVICES LLC,LLC,AL,,,,836212
T. P. ARRINGTON EDUCATIONAL FOUNDATION,NONPROFIT,AL,,ENTERPRISE,,836213
"DERMATOPATHOLOGY ASSOCIATES, PLLC",LLC,AL,11 WATER STREET,MOBILE,36602,836214
"JOYCELYNN'S HOUSE OF HOPE, INC.",NONPROFIT,AL,4311 CAMPBELL LANE,BIRMINGHAM,35207,836215
"AVERITT WELDING, LLC",LLC,AL,,,,836216
"SOUTHERN OAKS APTS MM, LLC",LLC,AL,24 BROOKE ST,FOND DU LAC,54935,836217
"AGRA LINERS, LLC",LLC,AL,42404 MOCCASIN TRAIL,SHAWNEE,74804,836218
"GLOBAL PROJECT MOODY SW, LLC",LLC,AL,500 NORTHLAND RIDGE COURT,ATLANTA,30342,836219
"EPIC SYSTEMS GROUP, LLC",LLC,AL,4142 MERAMEC BOTTOM ROAD,ST. LOUIS,63129,836220
"SOUTHERN OAKS APTS, LLC",LLC,AL,24 BROOKE ST,FOND DU LAC,54935,836221
"ALL STAR QUALITY LABOR, LLC",LLC,AL,606 SEA VIEW CIR,DESTIN,32541,836222
PHOENIX FREEDOM LLC.,LLC,AL,8730 THOMAS DR,PANAMA CITY BEACH,32408,836223
HEY BABE CHARTERS LLC,LLC,AL,,,,836224
"DELK CARTON, INC.",CORPORATION,AL,2711 ALTON ROAD,IRONDALE,35210,836225
"THE BLUE PEARL, LLC",LLC,AL,,,,836226
MALKA QUEEN SOAP LLC,LLC,AL,,,,836227
CONQUER CANCER WITH PURPOSE,NONPROFIT,AL,6605 TENSAW COURT,FAIRFIELD,35064,836228
LITTLE ONES LLC,LLC,AL,,,,837257
COSMICWAVE CANDLES LLC,LLC,AL,,,,837258
COOL BEANS LLC,LLC,AL,,,,837259
1848 BOUTIQUE LLC,LLC,AL,,,,837260
WARHORSE SERVICES LLC,LLC,AL,,,,837261
4814 MULTIMEDIA GROUP LLC,LLC,AL,,,,837262
TAY'LOR MADE KENNELS LLC,LLC,AL,,,,837263
OPEN HEARTS AND HELPING HANDS,NONPROFIT,AL,2776 PIEDMONT DR,HELENA,35022,837264
CECILE MONETTE LLC,LLC,AL,,,,837265
YS AUTOMOTIVE LLC,LLC,AL,,,,837266
MUNGIN'S APPAREL LLC,LLC,AL,,,,837267
"EDGE PHARMACEUTICALS, LLC",LLC,AL,3724 126TH AVE,CORAL SPRINGS,33065,837268
"BEL INVESTMENTS URIAH, AL, LLC",LLC,AL,,,,837269
VIOLA MATTIE'S LLC,LLC,AL,,,,837270
RA ENTERPRISES AND INVESTMENT LLC,LLC,AL,,,,837271
KC DELIVERY LLC.,LLC,AL,,,,837273
DRIFTWOOD SOLUTIONS LLC,LLC,AL,,,,838364
HARRISON ROAD ENT. L.L.C.,LLC,AL,,,,838365
"LITTLE HENRY TREE SERVICE, LLC",LLC,AL,,,,838366
OPTIMUM HOME & HEALTHCARE SOLUTIONS LLC,LLC,AL,,,,838367
HANG UPS LLC ( LET YOUR STYLE BE YOUR THERAPY ),LLC,AL,,,,838368
"FUN MEDIA GROUP OF ALABAMA, LLC",LLC,AL,,,,838369
PLATT BEACH CONDOS LLC,LLC,AL,,,,838370
ADKISSON AND ASSOCIATES INCORPORATED,CORPORATION,AL,4235 HILLSBORO PIKE,NASHVILLE,37215,838371
BEAUTE NAILS SPA SARALAND LLC,LLC,AL,,,,838372
"Q AND S TRANSPORTATION, LLC",LLC,AL,,,,838373
"MUNFORD OUTDOORS, LLC",LLC,AL,,,,838374
JEO PAINTING LLC,LLC,AL,,,,838375
"CAPSTONE LAND, L.L.C.",LLC,AL,,,,838376
"AM-PM ENTERPRISES, LLC",LLC,AL,,,,838377
"MERIDIAN DEVELOPMENT & CONSTRUCTION SERVICES, INC.",CORPORATION,AL,134 RIVERSTONE TERRACE,CANTON,30114,838378
CASTLE & PARK HOLDINGS INC.,CORPORATION,AL,27 MONTE TIERRA TRL,ALABASTER,35007,838379
BAMA'S SOUTHERN BLISS LLC,LLC,AL,,,,838380
"RIDGEWATER CONSTRUCTION, LLC",LLC,AL,,,,838381
SADIE'S PURPOSE,NONPROFIT,AL,201 RIVER BLUFF DRIVE,SHEFFIELD,35660,838382
"INSPIRE REALTY SERVICES, INC.",CORPORATION,AL,4742N 24TH STREET,PHOENIX,85016,839280
T. BIBB TRUCKING,NONPROFIT,AL,160 STONE PARK BLVD PIKE ROAD,,,839281
LONGWAY TRANSPORT LLC,LLC,AL,,,,839282
"KAMERA READY DBA FINCH ENTERPRISES, L.L.C.",LLC,AL,,,,839283
"RAIL PARTNERS, L.P.",PARTNERSHIP,AL,13901 SUTTON PARK DRIVE,JACKSONVILLE,32224,839284
FURRY BROS CONSTRUCTION LLC,LLC,AL,,,,839285
"COASTAL TEAM TENNIS, LLC",LLC,AL,,,,839286
MAISON PRO REALTY LLC,LLC,AL,,,,839287
DEAR HBCU LLC,LLC,AL,,,,839289
ET-5 LP,PARTNERSHIP,AL,1209 ORANGE STREET,WILMINGTON,19801,839290
"TIDE ESTEEM, LLC",LLC,AL,,,,839291
MYSTIC EUPHORIA ENTERPRISES LLC,LLC,AL,,,,839292
R.E.S.T TRUCKING INC,CORPORATION,AL,348 LEE RD,206 SALEM,36874,839293
CATWALK SHOETIQUE LLC,LLC,AL,,,,839294
"USONIAN ARTISTS, LLC",LLC,AL,,,,840045
HX2 ENERGY LLC,LLC,AL,1819 PINHOOK ROAD,LAFAYETTE,70508,840046
"ALABAMA COMMERCIAL INVESTMENTS, LLC",LLC,AL,5714 GULF BANK RD,SUITE: MAIN OF HOUSTON,77088,840047
"HOLLADAY VENTURES, LLC",LLC,AL,225 GENTRY AVE,NASHVILLE,37206,840048
"ETHAR, INC.",CORPORATION,AL,1111B GOVERNORS AVENUE,DOVER,19904,840049
FRONTLINES LLC,LLC,AL,,,,840050
RACHE FILMZ LLC,LLC,AL,,,,840051
"ONY GLO, INC.",CORPORATION,AL,6 HUTTON CENTRE DR,SANTA ANA,92707,840052
MALACSINA ENTERPRISES INC.,CORPORATION,AL,3140 LEES LANE,MOBILE,36693,840053
KF ELECTRICAL CONTRACTORS LLC.,LLC,AL,,,,840054
YARDS 180 LLC,LLC,AL,,,,840055
DEWON MOTON ART LLC,LLC,AL,,,,840056
JOY BAPTIST CHURCH OF BLOUNT COUNTY ALABAMA INC,NONPROFIT,AL,2225 MOUNTAIN GAP ROAD,BLOUNTSVILLE,35031,840057
"GAP HOLDINGS, LLC",LLC,AL,,,,840058
SYNDIC CAPITAL LIMITED LIABILITY COMPANY,LLC,AL,,,,840059
KIDDIE KOUTURE KLOTHES LLC.,LLC,AL,,,,840060
LITTLE SHOOTS LLC,LLC,AL,,,,841190
TWIN FLAMES UNITE LLC,LLC,AL,,,,841191
"ARCLIGHT 1, LLC",LLC,AL,,,,841192
"APT TRUCKING, LLC.",LLC,AL,,,,841193
"STRIVING 4 SUCCESS TRANSPORTATION, LLC",LLC,AL,,,,841194
RCU SUCCESS SOLUTIONS MINISTRIES,NONPROFIT,AL,8713 CHALMERS CT,MONTGOMERY,36116,841195
BIOPHASE SOFTWARE ANALYTICS INC,CORPORATION,AL,912 BASTROP HWY,AUSTIN,78742,841196
HAIR WEAVE KILLERR LLC,LLC,AL,,,,841197
CBC TOWN CREEK LLC,LLC,AL,,KANSAS CITY,,841198
AMELIA MARIE LLC,LLC,AL,,,,841199
LIVELY CORPORATION,CORPORATION,AL,650 WYNN DRIVE,HUNTSVILLE,35816,841200
ESSENTIAL EXCAVATING AND CONSTRUCTION LLC,LLC,AL,,,,842060
"THE HALLWAY OZ, LLC",LLC,AL,,,,842061
"THE HALLWAY I, LLC",LLC,AL,,,,842062
"KEY LOGISTICS, LLC",LLC,AL,,,,842063
"ORCHARD CIRCLE, LLC",LLC,AL,,,,842064
OM NAMAH SHIVAYA LLC,LLC,AL,,,,842065
"CARETECH SOLUTIONS, INC.",CORPORATION,AL,3270 BIG BEAVER ROAD,TROY,48084,842066
ALMORA PAINTING LLC,LLC,AL,,,,842067
"S K EXCAVATING, LLC",LLC,AL,,,,842068
ROBINSON FISHING LLC,LLC,AL,,,,842069
THE MAN CAVE L.L.C,LLC,AL,,,,842070
THE SCHWARTZ E LIQUID CORP,CORPORATION,AL,5802 ENGINEER DRIVE,HUNTINGTON BEACH,92649,842071
"ALL KRAFT ERECTORS, INC.",CORPORATION,AL,305 STATE LINE ST,SOUTH FULTON,38257,842072
"OJ S CORNER STORE, L.L.C",LLC,AL,,,,842073
BEYOUTIFUL IMAGES LLC,LLC,AL,,,,842074
BIG PUNCH ENTERTAINMENT LLC,LLC,AL,,,,842075
"N-UTHER-WURDS (N.U.W), L.L.C",LLC,AL,,,,842076
"EMMETT SIMS CONSULTING SERVICES, LLC",LLC,AL,,,,842077
FAB4LUS LLC,LLC,AL,,,,843321
"VOZAIRE LANGUAGE SERVICES, LLC",LLC,AL,,,,843322
"ASHLA'S TINY TOTS, LLC",LLC,AL,,,,843323
THE MERRY LILLY LLC,LLC,AL,,,,843324
R.O.G LAWN CARE LLP,PARTNERSHIP,AL,3931 MCCALLEY PLACE,HUNTSVILLE,35805,843325
M. MASON EXPRESS LLC,LLC,AL,,,,843326
DAME & DAZZLE LLC.,LLC,AL,,,,843327
"MORGAN LOGISTICS, LLC",LLC,AL,,,,843328
TAB CONDO LLC,LLC,AL,,,,843329
"ALIGN ALABAMA, LLC",LLC,AL,,,,843331
DAWG LIFE ENTERTAINMENT  L.L.C.,LLC,AL,,,,843332
FIRST WAY ENTERPRISE LLC,LLC,AL,,,,843333
ROBINSON'S LOGISTICS LLC,LLC,AL,,,,843334
DABAIRES COMPANY CORPORATION,CORPORATION,AL,529 DIANA STREET,ALBERTVILLE,35950,843335
VNA PROPERTIES LLC,LLC,AL,,,,843336
"G & G FARMS OF BAILEYTON, LLC",LLC,AL,,,,844256
ALTERED LIFE LLC,LLC,AL,,,,844257
KSAL1 LLC,LLC,AL,,,,844258
KNOTS INC,CORPORATION,AL,1234 HILLCREST RD.,MOBILE,36695,844259
TFG FINANCIAL CORPORATION,CORPORATION,AL,,,,844260
SECOND MISSIONARY BAPTIST CHURCH,NONPROFIT,AL,,,,844261
A. H. NIX COMPANY LLC,LLC,AL,,,,844262
"NOTHING FREE CLOTHING, LLC",LLC,AL,,,,844263
"LIGHTHOUSE DAYDREAM PROPERTIES, LLC",LLC,AL,,,,844264
"SHINE TIME WAX & WASH MOBILE DETAIL, LLC",LLC,AL,,,,844265
MDH CONSTRUCTION L.L.C.,LLC,AL,,,,844266
"MARK BLACK PROPERTY HOLDINGS, LLC",LLC,AL,,,,844267
JACKSON ENTERPRISE LOGISTICS LLC,LLC,AL,,,,844268
JOSHUA WYNN CONSTRUCTION LLC,LLC,AL,,,,844269
R B & B ENTERPRISE INC,CORPORATION,AL,20 POOREHOUSE RD,SEALE,36875,844270
BUBBLE EXPRESS GP,PARTNERSHIP,AL,14591 GRIFFIN STREET,TUSCALOOSA,35405,845197
"PRIME PROPERTIES PS, LLC",LLC,AL,,,,845198
"REVAMP SERVICES, LLC",LLC,AL,,,,845199
BUSY DAYS OIL CHANGE SERVICES LLC,LLC,AL,,,,845200
SEASONALKREATIONS LLC,LLC,AL,,,,845201
FOLKLORE CANINE ENTERPRISES L.L.C,LLC,AL,,,,845202
ELITE PROTECTION SECURITY SERVICES LLC,LLC,AL,,,,845203
BROOM FINANCIAL SERVICES  LLC,LLC,AL,,,,845204
GREEN TREE MANAGEMENT LLC,LLC,AL,,,,845205
FRESHLY PREP'D LLC,LLC,AL,,,,845206
DAVIS CONSULTING LLC DBA CURBSIDE LANDSCAPING,LLC,AL,,,,845207
WOODY WOODROWS SMOKEHOUSE BBQ LLC,LLC,AL,,,,845208
CONSTANCE ROSE CREATIONS LLC,LLC,AL,,,,845209
THE PERFECT FLUKE LLC,LLC,AL,,,,845210
HANNAH'S LUSCIOUS LASHES LLC,LLC,AL,,,,845211
JIMENEZ PAINT SOLUTIONS LLC.,LLC,AL,,,,845212
"CAHABA FIRE COMPANY, LLC",LLC,AL,,,,845213
"PECO VENTURES, LLC",LLC,AL,3495 PIEDMONT RD.,SUITE ATLANTA,30305,845214
"MARATHON MEDIA AND MARKETING, LLC.",LLC,AL,,,,845215
"RACHEL & SONS PROPERTIES, LLC",LLC,AL,,,,845216
"ELEMENT22 INSURANCE SERVICES, INC.",CORPORATION,AL,2535 LANDMARK DR,CLEARWATER,33761,845217
VISIONARY HEALTH CAREER TRAINING INSTITUTE LLC.,LLC,AL,,LOXLEY,,845218
"CORNERSTONE COUNSELING AND EVALUATION, LLC",LLC,AL,,,,845219
POWE'S TRANSPORTATION LLC,LLC,AL,,,,845220
HFECE CORPORATION,CORPORATION,AL,,CULLMAN,,846288
"MD ACCOUNTING & CONSULTING, LLC",LLC,AL,,,,846289
THE JM LUCAS GROUP LLC,LLC,AL,,,,846290
MEAL PREPS BY JARSET LLC,LLC,AL,,,,846291
"JAM LOGISTICS, LLC",LLC,AL,,,,846292
SOUTHERN INDUSTRIES HOME IMPROVEMENT LLC,LLC,AL,1 ALAHAMBRA PLZ,CORAL GABLES,33134,846293
"MCCOY HOLDCO, INC.",CORPORATION,AL,5 MEETING STREET,HUNTSVILLE,35806,846294
ELAM CLEANING LLC,LLC,AL,,,,846295
"GAURI SHANKAR, LLC",LLC,AL,,,,846296
PHOENIX LEGACY,NONPROFIT,AL,216 8TH ST,OPELIKA,36801,846297
REDROCKROAD ENTERPRISES LLC,LLC,AL,,,,846298
REVERE/CURRY LLC,LLC,AL,,,,846299
"LEGENDARY PROPERTY MANAGEMENT, LLC",LLC,AL,,,,846300
"CX RETREAT AT FAIRHOPE VILLAGE LEASECO, LLC",LLC,AL,4890 KENNEDY BLVD,TAMPA,33609,846301
STEPZ STORE AND MORE L.L.C.,LLC,AL,,,,846302
ASKEW AND ASSOCIATES CHARTERS INC,CORPORATION,AL,,LANETT,,846303
DNA ENTERPRISE LLC OF VA,LLC,AL,8120 TIMBERLAKE RD,LYNCHBURG,24502,846304
"HARBISON HOME AND LAND MANAGEMENT, LLC",LLC,AL,,,,846305
MOBILE EATS AND SWEETS LLC,LLC,AL,,,,846306
"BLACKWATER FALLS, LLC",LLC,AL,,,,847431
"MIRION TECHNOLOGIES, INC.",CORPORATION,AL,1218 MENLO DRIVE,ATLANTA,30318,847432
RYAN WALTMAN INTERIOR TRIM & CONSTRUCTION LLC,LLC,AL,,,,847433
WEDDLE HOLDINGS LLC,LLC,AL,,,,847434
FREE SPIRIT BOUTIQUE LLC,LLC,AL,,,,847435
DOING IT RIGHT LLC,LLC,AL,,,,847436
EVERYTHING BUSINESS LLC,LLC,AL,,,,847437
ELEVATED LAND MANAGEMENT LLC,LLC,AL,,,,847438
VERDE LLC,LLC,AL,,,,847439
PARNELL PROPERTIES LLC,LLC,AL,,,,847440
LINDEN CC STORE LLC,LLC,AL,,,,847441
"CREATIVE PAINTING, LLC",LLC,AL,,,,847442
SKINNER SOLUTIONS LLC,LLC,AL,,,,847443
"MICAHONTHEMOVE, LLC",LLC,AL,,,,847444
"INTEGRA INVESTMENTS AND HOLDINGS, LLC",LLC,AL,,,,847445
THORNE SOCCER LLC,LLC,AL,,,,848646
"CHANGE LENDING, LLC",LLC,AL,16845 VON KARMAN AVE,IRVINE,92606,848647
HURTADO CONCRETE INC,CORPORATION,AL,18250 VAUGHN RD,SUMMERDALE,36580,848648
"THREE BOYS PROPERTY GROUP, LLC",LLC,AL,,,,848649
DAIMLER TRUCK FINANCIAL SERVICES USA LLC,LLC,AL,14372 HERITAGE PARKWAY,FT WORTH,76177,848650
BDS IV MORTGAGE CAPITAL W LLC,LLC,AL,111 SEGO LILY DRIVE,SANDY,84070,848651
D'RONS CAB CO TAXI-SHUTTLE SERVICE LLC,LLC,AL,,,,848652
"STUDIO SMOCKS, LLC",LLC,AL,,,,848653
"ENGLER REALTY ADVISORS, LLC",LLC,AL,2275 BLACKHEATH TRACE,ALPHARETTA,30005,848654
CHAOS GROUPIE PINS LLC,LLC,AL,,,,849594
"THE HOPKINS INVESTMENT GROUP , LLC",LLC,AL,,,,849595
LAVENDER SKYY LLC,LLC,AL,,,,849596
A SISTERS LOVE BEAUTE LLC,LLC,AL,,,,849597
VIKARE PUBLISHING LLC,LLC,AL,,,,849598
MISSMISTYJ84 LLC,LLC,AL,,,,849599
SMITH CAR CRUSHING LLC,LLC,AL,,,,849600
YOUNG BUCKS LAWN & GARDEN LLC,LLC,AL,,,,849601
ALLEGIANT CALLS LLC,LLC,AL,,,,849602
SAJ SOLUTIONS LLC,LLC,AL,,,,849603
SHEREA TAX AND NOTARY SIGNING L.L.C.,LLC,AL,,,,849604
SWEET WATER FEED AND SUPPLY LLC,LLC,AL,,,,849605
R-VIEW PHOTOGRAPHY LLC,LLC,AL,,,,849606
FINKLEY'S FILTH FIGHTERS LLC,LLC,AL,,,,849608
SIMPLYUNIQIK SERVICES LLC,LLC,AL,,,,849609
MELTIT CANDLE COMPANY LLC,LLC,AL,,,,849610
IMPATIENT HIDEAWAY LLC,LLC,AL,,,,849611
LANDAROSA LLC,LLC,AL,,,,849612
BIG HINE HAULING L.L.C.,LLC,AL,,,,849613
PRIMETIME LOGISTICS LLC,LLC,AL,,,,849614
EQUALNOX LLC,LLC,AL,,,,849615
"B E & K, INC.",CORPORATION,AL,835 30TH STREET,BIRMINGHAM,,850689
"FARMERS CO-OPERATIVE CREAMERY CO., INC.",NONPROFIT,AL,,FAIRHOPE,,742313
FARMERS AND MERCHANTS BANK,CORPORATION,AL,,,,742315
"FARMERS CO-OPERATIVE GIN COMPANY OF WARRIOR, ALABAMA",CORPORATION,AL,,WARRIOR,,742316
"L. E. FARLEY, INC.",CORPORATION,AL,516 CHRONICLE BLDG,HOUSTON,,742317
FARMERS AND MERCHANTS BANK OF BOAZ,CORPORATION,AL,,,,742318
"FARMERS & MERCHANTS BANK OF COLLINSVILLE, ALABAMA",CORPORATION,AL,,,,742322
QUINT-MAR WATER AUTHORITY,NONPROFIT,AL,,,,742323
FARMERS CO-OPERATIVE HOG SALES ASSOCIATION,NONPROFIT,AL,,,,742324
FARMERS & MERCHANTS BANK OF GEORGIANA,CORPORATION,AL,,GEORGIANA,,742325
"FARMERS CO-OPERATIVE CREAMERY CO., INC.",NONPROFIT,AL,,FAIRHOPE,,742313
FARMERS AND MERCHANTS BANK,CORPORATION,AL,,,,742315
"FARMERS CO-OPERATIVE GIN COMPANY OF WARRIOR, ALABAMA",CORPORATION,AL,,WARRIOR,,742316
"L. E. FARLEY, INC.",CORPORATION,AL,516 CHRONICLE BLDG,HOUSTON,,742317
FARMERS AND MERCHANTS BANK OF BOAZ,CORPORATION,AL,,,,742318
"FARMERS & MERCHANTS BANK OF COLLINSVILLE, ALABAMA",CORPORATION,AL,,,,742322
QUINT-MAR WATER AUTHORITY,NONPROFIT,AL,,,,742323
FARMERS CO-OPERATIVE HOG SALES ASSOCIATION,NONPROFIT,AL,,,,742324
FARMERS & MERCHANTS BANK OF GEORGIANA,CORPORATION,AL,,GEORGIANA,,742325
"FARMERS & MERCHANTS BANK OF HARTSELLE, ALA.",CORPORATION,AL,,HARTSELLE,,742327
FARMERS & MERCHANTS BANK OF NEWTON,CORPORATION,AL,,,,742328
FARMERS COOPERATIVE MARKETING ASSOCIATION,NONPROFIT,AL,,MONTGOMERY,,742329
FARMERS COOPERATIVE STORE,CORPORATION,AL,,ASHLAND,,742330
"505ARCHITECTURE, INC.",CORPORATION,AL,508 5TH STREET,CHARLOTTE,28202,742334
"FARMERS & MERCHANTS CO., INC.",CORPORATION,AL,,,,742338
"TRI-COUNTY WEST CENTRAL ALABAMA SICKLE CELL ANEMIA ASSOCIATION, INC.",NONPROFIT,AL,,SELMA,,742339
FARMERS AND MERCHANTS GIN CO,CORPORATION,AL,,COURTLAND,,742341
THE FARMERS GIN COMPANY OF LINEVILLE,CORPORATION,AL,,LINEVILLE,,742346
FARMERS GIN COMPANY OF MOULTON,CORPORATION,AL,,MOULTON,,742347
FARMERS GIN & COMPRESS COMPANY,CORPORATION,AL,,ANDALUSIA,,742350
FARMERS GIN & MILL CO.,CORPORATION,AL,,WAVERLY,,742351
FARMERS GIN & WAREHOUSE COMPANY,CORPORATION,AL,,NEWBERN,,742353
FARMERS GIN & WAREHOUSE CO.,CORPORATION,AL,,THOMASTON,,742355
FARMERS' GIN AND WAREHOUSE COMPANY OF ALICEVILLE,CORPORATION,AL,,ALICEVILLE,,742357
"FARMERS GIN & WAREHOUSE CO., INC.",CORPORATION,AL,,BRUNDIDGE,,742358
"FARMERS GIN & W'HOUSE CO., INC.",CORPORATION,AL,,MAPLESVILLE,,742359
"FARMERS CO-OPERATIVE CREAMERY CO., INC.",NONPROFIT,AL,,FAIRHOPE,,742313
FARMERS AND MERCHANTS BANK,CORPORATION,AL,,,,742315
"FARMERS CO-OPERATIVE GIN COMPANY OF WARRIOR, ALABAMA",CORPORATION,AL,,WARRIOR,,742316
"L. E. FARLEY, INC.",CORPORATION,AL,516 CHRONICLE BLDG,HOUSTON,,742317
FARMERS AND MERCHANTS BANK OF BOAZ,CORPORATION,AL,,,,742318
"FARMERS & MERCHANTS BANK OF COLLINSVILLE, ALABAMA",CORPORATION,AL,,,,742322
QUINT-MAR WATER AUTHORITY,NONPROFIT,AL,,,,742323
FARMERS CO-OPERATIVE HOG SALES ASSOCIATION,NONPROFIT,AL,,,,742324
FARMERS & MERCHANTS BANK OF GEORGIANA,CORPORATION,AL,,GEORGIANA,,742325
